row,作品名,年份,event_id,状态,图片路径,图片URL,来源,查询词,匹配分数,命中作品名,命中作者,图片哈希,候选数量,候选1,候选2,候选3,错误信息
2,八十自述,1869,evt_00042,已下载,C:\Users\wu\Desktop\待查作品图片\002_八十自述.jpg,"https://img2.baidu.com/it/u=4111361670,1442889537&fm=253&fmt=auto&app=120&f=JPEG?w=978&h=800",百度图片-凤凰文化,黄宾虹《八十自述》,19,TRUE,TRUE,dee599c8e12d75a8f7e3129e98e0455779f22170a3d75a0769022984344f523b,5,"[19 作品名=False 查询作品名=True 作者=True] 📜黄宾虹与马一浮的珍贵信札诗稿集 | ippr_z2C$qAzdH3FAzdH3F4k1_z&e3Bkwt17_z&e3Bv54AzdH3Fgjofrw2jAzdH3F1wpwAzdH3F1pswg1tg2f7rj6?gt1=1p_nnbdnaanmcc00a90mdl | https://img2.baidu.com/it/u=4111361670,1442889537&fm=253&fmt=auto&app=120&f=JPEG?w=978&h=800","[19 作品名=False 查询作品名=True 作者=True] 《黄宾虹》100x68cm(现有作品) - 抖音 | ippr_z2C$qAzdH3FAzdH3Fooo_z&e3B157ytg_z&e3Bv54AzdH3Fg5pjAzdH3F0calal0clb8ld0mmdn9 | https://img1.baidu.com/it/u=3585848833,3082457150&fm=253&fmt=auto&app=138&f=JPEG?w=800&h=1156","[19 作品名=False 查询作品名=True 作者=True] 黄宾虹手札 | ippr_z2C$qAzdH3FAzdH3F4p_z&e3Bf5i7_z&e3Bv54AzdH3FwAzdH3Fbc0dmc9dc_8d88d908a | https://img2.baidu.com/it/u=1221326338,4011581686&fm=253&fmt=auto&app=138&f=JPEG?w=500&h=626",
6,频虹藏铜印记,1884,evt_00171,已下载,C:\Users\wu\Desktop\待查作品图片\006_频虹藏铜印记.jpg,"https://img0.baidu.com/it/u=3503184997,4172576114&fm=253&fmt=auto&app=138&f=JPEG?w=500&h=514",百度图片-百度百科,黄宾虹《频虹藏铜印记》,19,TRUE,TRUE,8f4c5b93297475e63969431f27552d6dca3cba0fee66d0611e9eb511623fe3ef,5,"[19 作品名=False 查询作品名=True 作者=True]  p>黄宾虹(1865年1月27日—1955年3月25日),初名懋质,后改名质,字朴存 | ippr_z2C$qAzdH3FAzdH3Fkwthj_z&e3Bkwt17_z&e3Bv54AzdH3Ftpj4AzdH3F%El%BB%b9%Em%lm%bC%Eb%ll%BlAzdH3F8d0mcl8a | https://img0.baidu.com/it/u=3503184997,4172576114&fm=253&fmt=auto&app=138&f=JPEG?w=500&h=514","[19 作品名=False 查询作品名=True 作者=True] 黄宾虹 | ippr_z2C$qAzdH3FAzdH3Fv7s_z&e3Bf5i7_z&e3Bv54AzdH3FwAzdH3Flabcl9aab_8d88d908a | https://img2.baidu.com/it/u=950225232,1666270136&fm=253&fmt=auto&app=138&f=JPEG?w=500&h=1124","[19 作品名=False 查询作品名=True 作者=True] 一代书画大师黄宾虹先生五言精品对联欣赏交#无尽藏品 - 抖音 | ippr_z2C$qAzdH3FAzdH3Fooo_z&e3B157ytg_z&e3Bv54AzdH3Fg5pjAzdH3F0cadmn0bcna00n8a090 | https://img0.baidu.com/it/u=635110041,51075162&fm=253&fmt=auto&app=138&f=JPEG?w=800&h=1067",
10,韬庐图,1897,evt_00303,已下载,C:\Users\wu\Desktop\待查作品图片\010_韬庐图.jpg,"https://img2.baidu.com/it/u=3394385038,4169568072&fm=253&fmt=auto&app=138&f=JPEG?w=800&h=1067",百度图片-中贸圣佳,黄宾虹 韬庐图 画,19,TRUE,TRUE,16090ad936f110489ee671061232bcaa4c745cb38c6376afcfb322a72e21b892,5,"[19 作品名=False 查询作品名=True 作者=True] 一屋灯起,万山通明.#国画艺术 #黄宾虹山水 #浙江博物馆 - 抖音 | ippr_z2C$qAzdH3FAzdH3Fooo_z&e3B157ytg_z&e3Bv54AzdH3Fg5pjAzdH3F0caa0b0a0la090dldca | https://img2.baidu.com/it/u=3394385038,4169568072&fm=253&fmt=auto&app=138&f=JPEG?w=800&h=1067","[19 作品名=False 查询作品名=True 作者=True] 🎨 浙博再遇黄宾虹 | ippr_z2C$qAzdH3FAzdH3F4k1_z&e3Bkwt17_z&e3Bv54AzdH3Fgjofrw2jAzdH3F1wpwAzdH3F1pswg1tg2f7rj6?gt1=1p_9cbb9mab0m8ba8aa8cb | https://img1.baidu.com/it/u=2694082579,3658184646&fm=253&fmt=auto&app=138&f=JPEG?w=500&h=653","[19 作品名=False 查询作品名=True 作者=True] 黄宾虹《山水四绝》欣赏指南 🌄 | ippr_z2C$qAzdH3FAzdH3F4k1_z&e3Bkwt17_z&e3Bv54AzdH3Fgjofrw2jAzdH3F1wpwAzdH3F1pswg1tg2f7rj6?gt1=1p_9d0mb09nc8balnaa0mc | https://img0.baidu.com/it/u=4154744151,3885057781&fm=253&fmt=auto&app=138&f=JPEG?w=514&h=500",
14,疏林淡山图,1908,evt_00504,已下载,C:\Users\wu\Desktop\待查作品图片\014_疏林淡山图.jpg,"https://img1.baidu.com/it/u=880967168,3686805236&fm=253&fmt=auto&app=138&f=JPEG?w=800&h=1067",百度图片-中国美术馆,《疏林淡山图》 黄宾虹,19,TRUE,TRUE,b38acde47f02e893b0b8ce1556c3d5d4e05281f994b63475d2e8aeefc4751b94,5,"[19 作品名=False 查询作品名=True 作者=True] 黄宾虹 山水 纸本立轴 画芯尺寸:138*35cm(9595 - 抖音 | ippr_z2C$qAzdH3FAzdH3Fooo_z&e3B157ytg_z&e3Bv54AzdH3Fg5pjAzdH3F09blda098ndc99l89cc | https://img1.baidu.com/it/u=880967168,3686805236&fm=253&fmt=auto&app=138&f=JPEG?w=800&h=1067","[19 作品名=False 查询作品名=True 作者=True] 黄宾虹:浅设色山水图册 | ippr_z2C$qAzdH3FAzdH3Fooo_z&e3Bf5i7_z&e3Bv54AzdH3FwAzdH3Fl08lnndd9_8d88dnb9b | https://img0.baidu.com/it/u=3389332092,1332455196&fm=253&fmt=auto&app=120&f=JPEG?w=500&h=500","[19 作品名=False 查询作品名=True 作者=True] 黄宾虹的山水画,干笔淡墨,疏淡清逸,空灵古雄 | ippr_z2C$qAzdH3FAzdH3Fv7s_z&e3Bf5i7_z&e3Bv54AzdH3FwAzdH3Flda00nbm0_8d88d90nn | https://img2.baidu.com/it/u=3071327344,3767100614&fm=253&fmt=auto&app=138&f=JPEG?w=500&h=706",
18,蒹葭图,1909,evt_00535,已下载,C:\Users\wu\Desktop\待查作品图片\018_蒹葭图.jpg,"https://img1.baidu.com/it/u=3585848833,3082457150&fm=253&fmt=auto&app=138&f=JPEG?w=800&h=1156",百度图片-艺术中国,《蒹葭图》 黄宾虹,19,TRUE,TRUE,d230ca1b5d9e0e3bef56375573861db020161e22aca737214b4673d72c36c098,5,"[19 作品名=False 查询作品名=True 作者=True] 《黄宾虹》100x68cm(现有作品) - 抖音 | ippr_z2C$qAzdH3FAzdH3Fooo_z&e3B157ytg_z&e3Bv54AzdH3Fg5pjAzdH3F0calal0clb8ld0mmdn9 | https://img1.baidu.com/it/u=3585848833,3082457150&fm=253&fmt=auto&app=138&f=JPEG?w=800&h=1156","[19 作品名=False 查询作品名=True 作者=True] 黄宾虹:我从何处得粉本?雨淋墙头月移壁. | ippr_z2C$qAzdH3FAzdH3Fooo_z&e3B8mn_z&e3Bv54AzdH3F1yAzdH3Fw6ptvsjAzdH3FKJmmEQQLacd8BMHc_z&e3Bip4s | https://img2.baidu.com/it/u=3461450773,1358351280&fm=253&fmt=auto&app=120&f=JPEG?w=500&h=1106","[19 作品名=False 查询作品名=True 作者=True]  p>黄宾虹(1865年1月27日—1955年3月25日),初名懋质,后改名质,字朴存 | ippr_z2C$qAzdH3FAzdH3Fkwthj_z&e3Bkwt17_z&e3Bv54AzdH3Ftpj4AzdH3F%El%BB%b9%Em%lm%bC%Eb%ll%BlAzdH3F8d0mcl8a | https://img0.baidu.com/it/u=1370763459,1059484482&fm=253&fmt=auto&app=138&f=JPEG?w=500&h=673",
22,浅绛新安山水图册,1909,evt_00557,已下载,C:\Users\wu\Desktop\待查作品图片\022_浅绛新安山水图册.jpg,"https://img2.baidu.com/it/u=612456176,7275781&fm=253&fmt=auto&app=138&f=JPEG?w=1141&h=800",百度图片-腾讯文化,黄宾虹《浅绛新安山水图册》,19,TRUE,TRUE,ed8c72e4fdd562d170330e09e74cabad93739488b3a9b6ebeac2231dccafd4d0,5,"[19 作品名=False 查询作品名=True 作者=True] 无愧于时代----大师黄宾虹山水《新安江》,款识:新安江上纪 - 抖音 | ippr_z2C$qAzdH3FAzdH3Fooo_z&e3B157ytg_z&e3Bv54AzdH3Fg5pjAzdH3F09lcmc9c0mn9bm0l9m9 | https://img2.baidu.com/it/u=612456176,7275781&fm=253&fmt=auto&app=138&f=JPEG?w=1141&h=800","[19 作品名=False 查询作品名=True 作者=True] 黄宾虹 山水 纸本立轴 画芯尺寸:138*35cm(9595 - 抖音 | ippr_z2C$qAzdH3FAzdH3Fooo_z&e3B157ytg_z&e3Bv54AzdH3Fg5pjAzdH3F09blda098ndc99l89cc | https://img1.baidu.com/it/u=880967168,3686805236&fm=253&fmt=auto&app=138&f=JPEG?w=800&h=1067","[19 作品名=False 查询作品名=True 作者=True] 自然是活勉强即死黄宾虹先生逝世70周年 | ippr_z2C$qAzdH3FAzdH3Fv7s_z&e3Bf5i7_z&e3Bv54AzdH3FwAzdH3Fbmnncbcdd_8dad08bad | https://img0.baidu.com/it/u=1909866108,3106261465&fm=253&fmt=auto&app=138&f=JPEG?w=500&h=697",
26,黄宾虹十事考：文美盛会,1912,,已下载,C:\Users\wu\Desktop\待查作品图片\026_黄宾虹十事考：文美盛会.jpg,"https://img0.baidu.com/it/u=4143177616,879593809&fm=253&fmt=auto&app=138&f=JPEG?w=500&h=1063",百度图片-360百科,黄宾虹《黄宾虹十事考：文美盛会》,19,TRUE,TRUE,9fb428c912917d53a9b7893e489980f2e9a7f3314e7bc98ee71fc2d2106c4f49,5,"[19 作品名=False 查询作品名=True 作者=True] 国画大师黄宾虹篆书对联欣赏【六】 | ippr_z2C$qAzdH3FAzdH3F4k1_z&e3Bkwt17_z&e3Bv54AzdH3Fgjofrw2jAzdH3F1wpwAzdH3F1pswg1tg2f7rj6?gt1=1p_9m8b8ndddb9dllnbmcm | https://img0.baidu.com/it/u=4143177616,879593809&fm=253&fmt=auto&app=138&f=JPEG?w=500&h=1063","[19 作品名=False 查询作品名=True 作者=True] 黄宾虹八十八岁高龄篆书作品欣赏 | ippr_z2C$qAzdH3FAzdH3F4k1_z&e3Bkwt17_z&e3Bv54AzdH3Fgjofrw2jAzdH3F1wpwAzdH3F1pswg1tg2f7rj6?gt1=1p_9b0m8lab98nllddd0c9 | https://img1.baidu.com/it/u=2324217739,2830546507&fm=253&fmt=auto&app=138&f=JPEG?w=500&h=880","[19 作品名=False 查询作品名=True 作者=True] 黄宾虹金文对联欣赏.此作文辞书法俱佳,观之如对古物,尘虑全消 - 抖音 | ippr_z2C$qAzdH3FAzdH3Fooo_z&e3B157ytg_z&e3Bv54AzdH3Fg5pjAzdH3F0cabdmb8n009d8cl8a9 | https://img1.baidu.com/it/u=2782783490,1122101731&fm=253&fmt=auto&app=138&f=JPEG?w=800&h=1067",
30,冲雪访碑图,1914,evt_00900,已下载,C:\Users\wu\Desktop\待查作品图片\030_冲雪访碑图.jpg,"https://img1.baidu.com/it/u=2728328890,2717506802&fm=253&fmt=auto&app=138&f=JPEG?w=500&h=667",百度图片-上海中国画院,黄宾虹《冲雪访碑图》,19,TRUE,TRUE,928f99315d71f3b7bf6903b864ae6d7dbf7c64d1387b7df21c4f68df2b23edad,5,"[19 作品名=False 查询作品名=True 作者=True] 西泠印社社藏名家大系 | 黄宾虹卷:冰上鸿飞(七) | ippr_z2C$qAzdH3FAzdH3Fgjof_z&e3Bf5i7_z&e3Bv54AzdH3FwAzdH3Fl8mcccd9a_8d888ln0m | https://img1.baidu.com/it/u=2728328890,2717506802&fm=253&fmt=auto&app=138&f=JPEG?w=500&h=667","[19 作品名=False 查询作品名=True 作者=True] 西泠印社社藏名家大系 | 黄宾虹卷:冰上鸿飞(一) | ippr_z2C$qAzdH3FAzdH3Fojtk5_z&e3Bv54AzdH3Fppw6ptvsjAzdH3FrAzdH3Ffi5o?t1=dnal9ac80mdbadmlcbm90n | https://img0.baidu.com/it/u=1980568691,2546094386&fm=253&fmt=auto&app=120&f=JPEG?w=500&h=761","[19 作品名=False 查询作品名=True 作者=True] 黄宾虹山水画:冲和之境的探索 | ippr_z2C$qAzdH3FAzdH3F4k1_z&e3Bkwt17_z&e3Bv54AzdH3Fgjofrw2jAzdH3F1wpwAzdH3F1pswg1tg2f7rj6?gt1=1p_9dbcnabbc8c9cmmn8b9 | https://img1.baidu.com/it/u=466790595,1195703637&fm=253&fmt=auto&app=138&f=JPEG?w=500&h=652",
34,蒹葭楼诗,1915,evt_00962,已下载,C:\Users\wu\Desktop\待查作品图片\034_蒹葭楼诗.jpg,"https://img1.baidu.com/it/u=4132421828,1769683706&fm=253&fmt=auto&app=138&f=JPEG?w=500&h=568",百度图片-荣宝斋,黄宾虹《蒹葭楼诗》,14,TRUE,TRUE,188b6c76c00a41e22fa5496fd5c42b21f350b5e6d03916a165da0daddd0bd104,5,"[14 作品名=False 查询作品名=True 作者=False] 古诗词《蒹葭》全文 | ippr_z2C$qAzdH3FAzdH3F4k1_z&e3Bkwt17_z&e3Bv54AzdH3Fgjofrw2jAzdH3F1wpwAzdH3F1pswg1tg2f7rj6?gt1=1p_cnnccbmaldc0009ddln | https://img1.baidu.com/it/u=4132421828,1769683706&fm=253&fmt=auto&app=138&f=JPEG?w=500&h=568","[14 作品名=False 查询作品名=True 作者=False] 《蒹葭》诗情画意:秋水伊人觅佳人 | ippr_z2C$qAzdH3FAzdH3F4k1_z&e3Bkwt17_z&e3Bv54AzdH3Fgjofrw2jAzdH3F1wpwAzdH3F1pswg1tg2f7rj6?gt1=1p_9lbl0a9bdlb0088cdn8 | https://img0.baidu.com/it/u=1507333015,4044107344&fm=253&fmt=auto&app=138&f=JPEG?w=500&h=636","[14 作品名=False 查询作品名=True 作者=False] 《蒹葭》三大美学:意境,含蓄,朦胧 | ippr_z2C$qAzdH3FAzdH3F4k1_z&e3Bkwt17_z&e3Bv54AzdH3Fgjofrw2jAzdH3F1wpwAzdH3F1pswg1tg2f7rj6?gt1=1p_9am9n8ccacm9m0acnba | https://img2.baidu.com/it/u=3527050129,3680313980&fm=253&fmt=auto&app=138&f=PNG?w=500&h=690",
38,涧水林木图,1917,evt_01045,已下载,C:\Users\wu\Desktop\待查作品图片\038_涧水林木图.jpg,"https://img0.baidu.com/it/u=1909866108,3106261465&fm=253&fmt=auto&app=138&f=JPEG?w=500&h=697",百度图片-中国嘉德,黄宾虹 涧水林木图,19,TRUE,TRUE,3463200a9dc14594f5e8b7ca41afe80e01dda8cb50bee1fcc51d12bc4fa23b64,5,"[19 作品名=False 查询作品名=True 作者=True] 黄宾虹 山水 纸本立轴 画芯尺寸:138*35cm(9595 - 抖音 | ippr_z2C$qAzdH3FAzdH3Fooo_z&e3B157ytg_z&e3Bv54AzdH3Fg5pjAzdH3F09blda098ndc99l89cc | https://img1.baidu.com/it/u=880967168,3686805236&fm=253&fmt=auto&app=138&f=JPEG?w=800&h=1067","[19 作品名=False 查询作品名=True 作者=True] 自然是活勉强即死黄宾虹先生逝世70周年 | ippr_z2C$qAzdH3FAzdH3Fv7s_z&e3Bf5i7_z&e3Bv54AzdH3FwAzdH3Fbmnncbcdd_8dad08bad | https://img0.baidu.com/it/u=1909866108,3106261465&fm=253&fmt=auto&app=138&f=JPEG?w=500&h=697","[19 作品名=False 查询作品名=True 作者=True] 黄宾虹的山水画:笔墨交融,意境深远 | ippr_z2C$qAzdH3FAzdH3Fkwt3twiw5_z&e3Bkwt17_z&e3Bv54AzdH3Ff?t1=8bdaldlcanlddllacan&ou6=frt1j6&u56=rv | https://img0.baidu.com/it/u=791682277,3217862282&fm=253&fmt=auto&app=138&f=JPEG?w=500&h=909",
42,木孙楼图,1919,evt_01169,已下载,C:\Users\wu\Desktop\待查作品图片\042_木孙楼图.jpg,"https://img0.baidu.com/it/u=1980568691,2546094386&fm=253&fmt=auto&app=120&f=JPEG?w=500&h=761",百度图片-百度百科,黄宾虹《木孙楼图》,19,TRUE,TRUE,aeb5cc88a4888ea1637bcf1de93f1e9c5837af69762789884601a97d534f665b,5,"[19 作品名=False 查询作品名=True 作者=True] 西泠印社社藏名家大系 | 黄宾虹卷:冰上鸿飞(一) | ippr_z2C$qAzdH3FAzdH3Fojtk5_z&e3Bv54AzdH3Fppw6ptvsjAzdH3FrAzdH3Ffi5o?t1=dnal9ac80mdbadmlcbm90n | https://img0.baidu.com/it/u=1980568691,2546094386&fm=253&fmt=auto&app=120&f=JPEG?w=500&h=761","[19 作品名=False 查询作品名=True 作者=True] 黄宾虹:不读万卷书,不行万里路,难以言境界 | ippr_z2C$qAzdH3FAzdH3Fkwt3twiw5_z&e3Bkwt17_z&e3Bv54AzdH3Ff?t1=8b8dc9m9b8c8cb9dmda&ou6=frt1j6&u56=rv | https://img0.baidu.com/it/u=1831333619,2555677971&fm=253&fmt=auto&app=120&f=JPEG?w=500&h=1095","[19 作品名=False 查询作品名=True 作者=True] 黄宾虹 山水 纸本立轴 画芯尺寸:138*35cm(9595 - 抖音 | ippr_z2C$qAzdH3FAzdH3Fooo_z&e3B157ytg_z&e3Bv54AzdH3Fg5pjAzdH3F09blda098ndc99l89cc | https://img1.baidu.com/it/u=880967168,3686805236&fm=253&fmt=auto&app=138&f=JPEG?w=800&h=1067",
46,天苏阁图,1922,evt_01326,已下载,C:\Users\wu\Desktop\待查作品图片\046_天苏阁图.jpg,"https://img2.baidu.com/it/u=60478371,1002899718&fm=253&fmt=auto&app=138&f=JPEG?w=800&h=1067",百度图片-博宝艺术网,黄宾虹 天苏阁图 拍卖,19,TRUE,TRUE,719bad6b4207d8d357402e605187487b294ec3257cfa1ac2520c6afb91e88545,5,"[19 作品名=False 查询作品名=True 作者=True] 西泠印社社藏名家大系 | 黄宾虹卷:冰上鸿飞(一) | ippr_z2C$qAzdH3FAzdH3Fojtk5_z&e3Bv54AzdH3Fppw6ptvsjAzdH3FrAzdH3Ffi5o?t1=dnal9ac80mdbadmlcbm90n | https://img0.baidu.com/it/u=1980568691,2546094386&fm=253&fmt=auto&app=120&f=JPEG?w=500&h=761","[19 作品名=False 查询作品名=True 作者=True] 黄宾虹风吹浮云立轴欣赏.读此画,令人想起最难风雨故人来. # - 抖音 | ippr_z2C$qAzdH3FAzdH3Fooo_z&e3B157ytg_z&e3Bv54AzdH3Fg5pjAzdH3F0camn80cdcalbllabmn | https://img2.baidu.com/it/u=60478371,1002899718&fm=253&fmt=auto&app=138&f=JPEG?w=800&h=1067","[19 作品名=False 查询作品名=True 作者=True] 一屋灯起,万山通明.#国画艺术 #黄宾虹山水 #浙江博物馆 - 抖音 | ippr_z2C$qAzdH3FAzdH3Fooo_z&e3B157ytg_z&e3Bv54AzdH3Fg5pjAzdH3F0caa0b0a0la090dldca | https://img2.baidu.com/it/u=3394385038,4169568072&fm=253&fmt=auto&app=138&f=JPEG?w=800&h=1067",
50,西泠撰杖图,1924,evt_01455,已下载,C:\Users\wu\Desktop\待查作品图片\050_西泠撰杖图.jpg,"https://img2.baidu.com/it/u=2932028588,2673088301&fm=253&fmt=auto&app=138&f=JPEG?w=500&h=761",百度图片-99艺术网,西泠撰杖图 黄宾虹 作品 图片,19,TRUE,TRUE,42c9f759a2a6645e6f91fcf44eabd366fb1b3538c8f6712e25dc562463010cce,5,"[19 作品名=False 查询作品名=True 作者=True] 西泠印社社藏名家大系 | 黄宾虹卷:冰上鸿飞(一) | ippr_z2C$qAzdH3FAzdH3Fojtk5_z&e3Bv54AzdH3Fppw6ptvsjAzdH3FrAzdH3Ffi5o?t1=dnal9ac80mdbadmlcbm90n | https://img0.baidu.com/it/u=1980568691,2546094386&fm=253&fmt=auto&app=120&f=JPEG?w=500&h=761","[19 作品名=False 查询作品名=True 作者=True] 西泠印社社藏名家大系黄宾虹卷冰上鸿飞一 | ippr_z2C$qAzdH3FAzdH3Fooo_z&e3Bf5i7_z&e3Bv54AzdH3FwAzdH3Flan8nmabd_8d888ln0m | https://img2.baidu.com/it/u=2932028588,2673088301&fm=253&fmt=auto&app=138&f=JPEG?w=500&h=761","[19 作品名=False 查询作品名=True 作者=True] 西泠印社社藏名家大系黄宾虹卷冰上鸿飞一 | ippr_z2C$qAzdH3FAzdH3Fooo_z&e3Bf5i7_z&e3Bv54AzdH3FwAzdH3Flan8nmabd_8d888ln0m | https://img0.baidu.com/it/u=2525554021,246897564&fm=253&fmt=auto&app=138&f=JPEG?w=500&h=761",
54,访碑图,1925,evt_01475,已下载,C:\Users\wu\Desktop\待查作品图片\054_访碑图.jpg,"https://img1.baidu.com/it/u=2324217739,2830546507&fm=253&fmt=auto&app=138&f=JPEG?w=500&h=880",百度图片-孔夫子旧书网,黄宾虹 访碑图,19,TRUE,TRUE,6972aa77de259c3a6fc6a202f577ab0719c170a4c1b447c0824a68dc8965ac14,5,"[19 作品名=False 查询作品名=True 作者=True] 黄宾虹八十八岁高龄篆书作品欣赏 | ippr_z2C$qAzdH3FAzdH3F4k1_z&e3Bkwt17_z&e3Bv54AzdH3Fgjofrw2jAzdH3F1wpwAzdH3F1pswg1tg2f7rj6?gt1=1p_9b0m8lab98nllddd0c9 | https://img1.baidu.com/it/u=2324217739,2830546507&fm=253&fmt=auto&app=138&f=JPEG?w=500&h=880","[19 作品名=False 查询作品名=True 作者=True] 《黄宾虹》100x68cm(现有作品) - 抖音 | ippr_z2C$qAzdH3FAzdH3Fooo_z&e3B157ytg_z&e3Bv54AzdH3Fg5pjAzdH3F0calal0clb8ld0mmdn9 | https://img1.baidu.com/it/u=3585848833,3082457150&fm=253&fmt=auto&app=138&f=JPEG?w=800&h=1156","[19 作品名=False 查询作品名=True 作者=True] 黄宾虹金文对联欣赏.此作文辞书法俱佳,观之如对古物,尘虑全消 - 抖音 | ippr_z2C$qAzdH3FAzdH3Fooo_z&e3B157ytg_z&e3Bv54AzdH3Fg5pjAzdH3F0cabdmb8n009d8cl8a9 | https://img1.baidu.com/it/u=2782783490,1122101731&fm=253&fmt=auto&app=138&f=JPEG?w=800&h=1067",
58,浙游纪胜图册,1926,evt_01558,已下载,C:\Users\wu\Desktop\待查作品图片\058_浙游纪胜图册.jpg,"https://img0.baidu.com/it/u=1831333619,2555677971&fm=253&fmt=auto&app=120&f=JPEG?w=500&h=1095",百度图片-搜狗百科,《浙游纪胜图册》 黄宾虹,19,TRUE,TRUE,a6d318cf230d5961739bd6367085a96ec0664b31a46bceb972015bb0a637e477,5,"[19 作品名=False 查询作品名=True 作者=True] 黄宾虹:不读万卷书,不行万里路,难以言境界 | ippr_z2C$qAzdH3FAzdH3Fkwt3twiw5_z&e3Bkwt17_z&e3Bv54AzdH3Ff?t1=8b8dc9m9b8c8cb9dmda&ou6=frt1j6&u56=rv | https://img0.baidu.com/it/u=1831333619,2555677971&fm=253&fmt=auto&app=120&f=JPEG?w=500&h=1095","[19 作品名=False 查询作品名=True 作者=True] 黄宾虹,册页35x50x8纸本 - 抖音 | ippr_z2C$qAzdH3FAzdH3Fooo_z&e3B157ytg_z&e3Bv54AzdH3Fg5pjAzdH3F0c8lm0n9m89cmlnd8cn | https://img1.baidu.com/it/u=2320133690,1976072192&fm=253&fmt=auto&app=138&f=JPEG?w=800&h=1067","[19 作品名=False 查询作品名=True 作者=True] 黄宾虹八十岁卧游册,笔墨从心所欲 | ippr_z2C$qAzdH3FAzdH3Fooo_z&e3Bf5i7_z&e3Bv54AzdH3FwAzdH3Fl09mmcmm0_8d88d9nab | https://img0.baidu.com/it/u=2783623419,3774716036&fm=253&fmt=auto&app=120&f=JPEG?w=500&h=682",
62,练滨草堂图,1927,evt_01636,已下载,C:\Users\wu\Desktop\待查作品图片\062_练滨草堂图.jpg,"https://img0.baidu.com/it/u=4127081860,732487425&fm=253&fmt=auto&app=138&f=JPEG?w=500&h=656",百度图片-中国美术馆,《练滨草堂图》 黄宾虹,19,TRUE,TRUE,a35ee3263b79ca6ad50a7355b51b7453c759b2b8fde3f226a18e5d46e76292fb,5,"[19 作品名=False 查询作品名=True 作者=True] 西泠印社社藏名家大系 | 黄宾虹卷:冰上鸿飞(一) | ippr_z2C$qAzdH3FAzdH3Fojtk5_z&e3Bv54AzdH3Fppw6ptvsjAzdH3FrAzdH3Ffi5o?t1=dnal9ac80mdbadmlcbm90n | https://img0.baidu.com/it/u=1980568691,2546094386&fm=253&fmt=auto&app=120&f=JPEG?w=500&h=761","[19 作品名=False 查询作品名=True 作者=True] 自然是活勉强即死黄宾虹先生逝世70周年 | ippr_z2C$qAzdH3FAzdH3Fv7s_z&e3Bf5i7_z&e3Bv54AzdH3FwAzdH3Fbmnncbcdd_8dad08bad | https://img0.baidu.com/it/u=1909866108,3106261465&fm=253&fmt=auto&app=138&f=JPEG?w=500&h=697","[19 作品名=False 查询作品名=True 作者=True] 黄宾虹:不读万卷书,不行万里路,难以言境界 | ippr_z2C$qAzdH3FAzdH3Fkwt3twiw5_z&e3Bkwt17_z&e3Bv54AzdH3Ff?t1=8b8dc9m9b8c8cb9dmda&ou6=frt1j6&u56=rv | https://img0.baidu.com/it/u=1831333619,2555677971&fm=253&fmt=auto&app=120&f=JPEG?w=500&h=1095",
66,采石矶图,1928,evt_01692,已下载,C:\Users\wu\Desktop\待查作品图片\066_采石矶图.jpg,"https://img0.baidu.com/it/u=3935580234,2072996142&fm=253&fmt=auto&app=120&f=JPEG?w=500&h=1016",百度图片-维基中文,黄宾虹《采石矶图》,19,TRUE,TRUE,abfab7033fd36d65f7696469c0bf8598c687c43e3e1e5cdd6a6ecb05275834ed,5,"[19 作品名=False 查询作品名=True 作者=True] 黄宾虹(1865年-1955年),现代杰出国画大师. | ippr_z2C$qAzdH3FAzdH3Fkwt3twiw5_z&e3Bkwt17_z&e3Bv54AzdH3Ff?t1=8bcal8bbdmdm99nanaa&ou6=frt1j6&u56=rv | https://img0.baidu.com/it/u=3935580234,2072996142&fm=253&fmt=auto&app=120&f=JPEG?w=500&h=1016","[19 作品名=False 查询作品名=True 作者=True] 黄宾虹画作精选:13幅名画欣赏 | ippr_z2C$qAzdH3FAzdH3F4k1_z&e3Bkwt17_z&e3Bv54AzdH3Fgjofrw2jAzdH3F1wpwAzdH3F1pswg1tg2f7rj6?gt1=1p_nlca9db0dml0bddclnb | https://img2.baidu.com/it/u=3820920448,4207814388&fm=253&fmt=auto&app=138&f=JPEG?w=500&h=653","[19 作品名=False 查询作品名=True 作者=True] 黄宾虹(1865年-1955年),现代杰出国画大师. | ippr_z2C$qAzdH3FAzdH3Fkwt3twiw5_z&e3Bkwt17_z&e3Bv54AzdH3Ff?t1=8bcal8bbdmdm99nanaa&ou6=frt1j6&u56=rv | https://img0.baidu.com/it/u=2785317967,3683140436&fm=253&fmt=auto&app=120&f=JPEG?w=615&h=500",
70,画梅,1928,evt_01793,已下载,C:\Users\wu\Desktop\待查作品图片\070_画梅.jpg,"https://img1.baidu.com/it/u=1020414147,44363224&fm=253&fmt=auto&app=138&f=JPEG?w=500&h=675",百度图片-故宫博物院,黄宾虹 画梅,19,TRUE,TRUE,b955aad12d0a1d1df02f0a0ce41a337a40edb1d63034e20970da62a45128ba60,5,"[19 作品名=False 查询作品名=True 作者=True] 黄宾虹写梅,绚烂而有骨力 | ippr_z2C$qAzdH3FAzdH3Fgjof_z&e3Bf5i7_z&e3Bv54AzdH3FwAzdH3Fbml909c0b_8d88d90na | https://img1.baidu.com/it/u=1020414147,44363224&fm=253&fmt=auto&app=138&f=JPEG?w=500&h=675","[19 作品名=False 查询作品名=True 作者=True] 黄宾虹写梅,绚烂而有骨力 | ippr_z2C$qAzdH3FAzdH3Fgjof_z&e3Bf5i7_z&e3Bv54AzdH3FwAzdH3Fbbac08n0n_8d88d9088 | https://img0.baidu.com/it/u=2800632985,1252710604&fm=253&fmt=auto&app=138&f=JPEG?w=500&h=1349","[19 作品名=False 查询作品名=True 作者=True] 黄宾虹写梅,苍老如铁 | ippr_z2C$qAzdH3FAzdH3Fgjof_z&e3Bf5i7_z&e3Bv54AzdH3FwAzdH3Fl0a99l800_8d88d9bal | https://img1.baidu.com/it/u=2371187302,3620572290&fm=253&fmt=auto&app=138&f=JPEG?w=500&h=828",
74,机丝夜月图题咏集,1928,,已下载,C:\Users\wu\Desktop\待查作品图片\074_机丝夜月图题咏集.jpg,"https://img0.baidu.com/it/u=2994276961,2787624003&fm=253&fmt=auto&app=138&f=JPEG?w=500&h=3235",百度图片-豆瓣,黄宾虹《机丝夜月图题咏集》,19,TRUE,TRUE,47b02fbd29da0b29daf9f93c58dd91fe763035c07ffd28fd402ea2174a84c634,5,"[19 作品名=False 查询作品名=True 作者=True] 黄宾虹|《画学篇》 | ippr_z2C$qAzdH3FAzdH3Fooo_z&e3Bf5i7_z&e3Bv54AzdH3FwAzdH3F0b99cbn8c_8d88d908a | https://img0.baidu.com/it/u=2994276961,2787624003&fm=253&fmt=auto&app=138&f=JPEG?w=500&h=3235","[19 作品名=False 查询作品名=True 作者=True]  p>该作品为黄宾虹先生80岁以后的精品力作,现由湖北美术学院收藏. | ippr_z2C$qAzdH3FAzdH3Fkwthj_z&e3Bkwt17_z&e3Bv54AzdH3Ftpj4AzdH3F%E9%Bb%BA%Ec%b0%A9%Em%B8%Aa%Ec%bc%bb%E0%l9%lF%E9%BD%lC%Ec%B8%B8%Em%Ba%B9%Ec%lB%lB%Em%lD%A8%Ec%B8%bFAzdH3Fma090cac | https://img1.baidu.com/it/u=2918093888,1591134942&fm=253&fmt=auto&app=138&f=JPEG?w=500&h=935","[19 作品名=False 查询作品名=True 作者=True]  p>该作品为黄宾虹先生80岁以后的精品力作,现由湖北美术学院收藏. | ippr_z2C$qAzdH3FAzdH3Fkwthj_z&e3Bkwt17_z&e3Bv54AzdH3Ftpj4AzdH3F%E9%Bb%BA%Ec%b0%A9%Em%B8%Aa%Ec%bc%bb%E0%l9%lF%E9%BD%lC%Ec%B8%B8%Em%Ba%B9%Ec%lB%lB%Em%lD%A8%Ec%B8%bFAzdH3Fma090cac | https://img0.baidu.com/it/u=1687436507,278552878&fm=253&fmt=auto&app=138&f=JPEG?w=500&h=686",
78,沪上画人集绘记,1928,evt_01839,已下载,C:\Users\wu\Desktop\待查作品图片\078_沪上画人集绘记.jpg,"https://img0.baidu.com/it/u=715131530,524695957&fm=253&fmt=auto&app=138&f=JPEG?w=800&h=1067",百度图片-中华珍宝馆,《沪上画人集绘记》 黄宾虹,19,TRUE,TRUE,423819631d26864582e4429f04091f1367c8e747f6e9743106f4b7e53a5fc082,5,"[19 作品名=False 查询作品名=True 作者=True] 《黄宾虹》100x68cm(现有作品) - 抖音 | ippr_z2C$qAzdH3FAzdH3Fooo_z&e3B157ytg_z&e3Bv54AzdH3Fg5pjAzdH3F0calal0clb8ld0mmdn9 | https://img1.baidu.com/it/u=3585848833,3082457150&fm=253&fmt=auto&app=138&f=JPEG?w=800&h=1156","[19 作品名=False 查询作品名=True 作者=True] 新安画派巨擘,黄宾虹.全才.观前人,启发后人. - 抖音 | ippr_z2C$qAzdH3FAzdH3Fooo_z&e3B157ytg_z&e3Bv54AzdH3Fg5pjAzdH3F0ncadbmdcnnm9la0d0m | https://img0.baidu.com/it/u=715131530,524695957&fm=253&fmt=auto&app=138&f=JPEG?w=800&h=1067","[19 作品名=False 查询作品名=True 作者=True] ""没有民族的东西在画中体现,就没有个性"" | cafam馆藏《晚年黄宾虹》 | ippr_z2C$qAzdH3FAzdH3F4p_z&e3Bf5i7_z&e3Bv54AzdH3FwAzdH3Fb90cbb089_9dd009 | https://img1.baidu.com/it/u=2035003104,1744995070&fm=253&fmt=auto&app=120&f=JPEG?w=500&h=584",
82,二美宴记,1929,evt_01875,已下载,C:\Users\wu\Desktop\待查作品图片\082_二美宴记.jpg,"https://img0.baidu.com/it/u=2103158229,1641540075&fm=253&fmt=auto&app=138&f=JPEG?w=500&h=687",百度图片-雅昌艺术网,黄宾虹 二美宴记,19,TRUE,TRUE,a1f41beaca03f231c7b1a7022e2538e29d5146941132b8570a86aa3ccbf7f14a,5,"[19 作品名=False 查询作品名=True 作者=True] 黄宾虹《东坡诗意》 | ippr_z2C$qAzdH3FAzdH3Fv7s_z&e3Bf5i7_z&e3Bv54AzdH3FwAzdH3Fb90l99899_8d88d9bal | https://img0.baidu.com/it/u=2103158229,1641540075&fm=253&fmt=auto&app=138&f=JPEG?w=500&h=687","[19 作品名=False 查询作品名=True 作者=True] 黄宾虹(1865～1955) 行书  七言诗 | ippr_z2C$qAzdH3FAzdH3Fooo_z&e3Bxsyfw7v_z&e3Bv54AzdH3F45ktsjAzdH3Fw7vpt5gAzdH3F1jpwtsAzdH3Ft1AzdH3F80l9na_z&e3Bip4s | https://img1.baidu.com/it/u=3134640566,2676677672&fm=253&fmt=auto&app=138&f=JPEG?w=390&h=1139","[19 作品名=False 查询作品名=True 作者=True] 黄宾虹临摹《大盂鼎》艺术赏析 | ippr_z2C$qAzdH3FAzdH3F4k1_z&e3Bkwt17_z&e3Bv54AzdH3Fgjofrw2jAzdH3F1wpwAzdH3F1pswg1tg2f7rj6?gt1=1p_nldad8mnm0lnc0lln89 | https://img0.baidu.com/it/u=1503610319,1300242861&fm=253&fmt=auto&app=138&f=JPEG?w=500&h=692",
86,林散之,1929,evt_01975,已下载,C:\Users\wu\Desktop\待查作品图片\086_林散之.jpg,"https://img0.baidu.com/it/u=3876631418,2899390936&fm=253&fmt=auto&app=138&f=PNG?w=500&h=653",百度图片,黄宾虹《林散之》,19,TRUE,TRUE,115e32319e101e5b99c855ff5f90f34484e8ff09bd1990f49f38f7137beed39a,5,"[19 作品名=True 查询作品名=True 作者=True] 同源异彩——黄宾虹,林散之,李可染艺术研究 | ippr_z2C$qAzdH3FAzdH3Fz2fifv3xi_z&e3Bv54AzdH3Fg1_z&e3B3fr?t1=8b9 | https://img0.baidu.com/it/u=3876631418,2899390936&fm=253&fmt=auto&app=138&f=PNG?w=500&h=653","[19 作品名=True 查询作品名=True 作者=True] 林散之为什么用超长锋羊毫 | 羲希堂_林老称_线条_黄宾虹 | ippr_z2C$qAzdH3FAzdH3Fooo_z&e3Bf5i7_z&e3Bv54AzdH3FwAzdH3F8a89b0099m_8d88d908a | https://img2.baidu.com/it/u=2886496280,2615703729&fm=253&fmt=auto&app=120&f=JPEG?w=434&h=704","[19 作品名=True 查询作品名=True 作者=True] 同源异彩——黄宾虹,林散之,李可染艺术研究 | ippr_z2C$qAzdH3FAzdH3Fz2fifv3xi_z&e3Bv54AzdH3Fg1_z&e3B3fr?t1=8b9 | https://img1.baidu.com/it/u=3316174727,247233514&fm=253&fmt=auto&app=138&f=PNG?w=406&h=764",
90,蔬果图卷,1930,evt_02122,已下载,C:\Users\wu\Desktop\待查作品图片\090_蔬果图卷.jpg,"https://img2.baidu.com/it/u=3820920448,4207814388&fm=253&fmt=auto&app=138&f=JPEG?w=500&h=653",百度图片-搜狗百科,黄宾虹《蔬果图卷》,19,TRUE,TRUE,63c62184f3ae45b16d992a949511307fca715e41391b21ea6a87b31220bdf334,5,"[19 作品名=False 查询作品名=True 作者=True] 黄宾虹画作精选:13幅名画欣赏 | ippr_z2C$qAzdH3FAzdH3F4k1_z&e3Bkwt17_z&e3Bv54AzdH3Fgjofrw2jAzdH3F1wpwAzdH3F1pswg1tg2f7rj6?gt1=1p_nlca9db0dml0bddclnb | https://img2.baidu.com/it/u=3820920448,4207814388&fm=253&fmt=auto&app=138&f=JPEG?w=500&h=653","[19 作品名=False 查询作品名=True 作者=True] 黄宾虹册页欣赏.#中国花鸟画 #浙江博物馆 #黄宾虹 #黄宾 - 抖音 | ippr_z2C$qAzdH3FAzdH3Fooo_z&e3B157ytg_z&e3Bv54AzdH3Fg5pjAzdH3F0ca98acmmd0clmcdmab | https://img2.baidu.com/it/u=327288948,546939007&fm=253&fmt=auto&app=138&f=JPEG?w=1067&h=800","[19 作品名=False 查询作品名=True 作者=True] 近现代著名画家黄宾虹高清作品集萃 | ippr_z2C$qAzdH3FAzdH3Fkwt3twiw5_z&e3Bkwt17_z&e3Bv54AzdH3Ff?t1=8b8lac9cn9n809mn00a&ou6=frt1j6&u56=rv | https://img2.baidu.com/it/u=3637373126,3741437549&fm=253&fmt=auto&app=138&f=JPEG?w=500&h=3780",
94,风轩水槛图,1930,evt_02176,已下载,C:\Users\wu\Desktop\待查作品图片\094_风轩水槛图.jpg,"https://img2.baidu.com/it/u=2583699791,41184371&fm=253&fmt=auto&app=138&f=JPEG?w=800&h=1003",百度图片-中国嘉德,黄宾虹 风轩水槛图,19,TRUE,TRUE,64469703baa2a72aa50fc9d9f1019a7906824450c1411614465ec5e41679e9cf,5,"[19 作品名=False 查询作品名=True 作者=True] 黄宾虹 山水屏风(纯手绘) 单幅画心尺寸 68 x - 抖音 | ippr_z2C$qAzdH3FAzdH3Fooo_z&e3B157ytg_z&e3Bv54AzdH3Fg5pjAzdH3F09lnbmc9nm90ddaa9cl | https://img2.baidu.com/it/u=2583699791,41184371&fm=253&fmt=auto&app=138&f=JPEG?w=800&h=1003","[19 作品名=False 查询作品名=True 作者=True] 黄宾虹 山水 纸本立轴 画芯尺寸:138*35cm(9595 - 抖音 | ippr_z2C$qAzdH3FAzdH3Fooo_z&e3B157ytg_z&e3Bv54AzdH3Fg5pjAzdH3F09blda098ndc99l89cc | https://img1.baidu.com/it/u=880967168,3686805236&fm=253&fmt=auto&app=138&f=JPEG?w=800&h=1067","[19 作品名=False 查询作品名=True 作者=True] 一屋灯起,万山通明.#国画艺术 #黄宾虹山水 #浙江博物馆 - 抖音 | ippr_z2C$qAzdH3FAzdH3Fooo_z&e3B157ytg_z&e3Bv54AzdH3Fg5pjAzdH3F0caa0b0a0la090dldca | https://img2.baidu.com/it/u=3394385038,4169568072&fm=253&fmt=auto&app=138&f=JPEG?w=800&h=1067",
98,洞天福地图,1930,evt_02215,已下载,C:\Users\wu\Desktop\待查作品图片\098_洞天福地图.jpg,"https://img1.baidu.com/it/u=2320133690,1976072192&fm=253&fmt=auto&app=138&f=JPEG?w=800&h=1067",百度图片-上海博物馆,黄宾虹《洞天福地图》,19,TRUE,TRUE,cb4dbd074efef5a974f41bd78840b4b801cfed883149ce7cd8b017be71c0d0de,5,"[19 作品名=False 查询作品名=True 作者=True] 黄宾虹,册页35x50x8纸本 - 抖音 | ippr_z2C$qAzdH3FAzdH3Fooo_z&e3B157ytg_z&e3Bv54AzdH3Fg5pjAzdH3F0c8lm0n9m89cmlnd8cn | https://img1.baidu.com/it/u=2320133690,1976072192&fm=253&fmt=auto&app=138&f=JPEG?w=800&h=1067","[19 作品名=False 查询作品名=True 作者=True] 黄宾虹:古典主义的永恒传奇 🎨 | ippr_z2C$qAzdH3FAzdH3F4k1_z&e3Bkwt17_z&e3Bv54AzdH3Fgjofrw2jAzdH3F1wpwAzdH3F1pswg1tg2f7rj6?gt1=1p_9mlmm0manamd0mc00c0 | https://img0.baidu.com/it/u=4127081860,732487425&fm=253&fmt=auto&app=138&f=JPEG?w=500&h=656","[19 作品名=False 查询作品名=True 作者=True] 黄宾虹:不读万卷书,不行万里路,难以言境界 | ippr_z2C$qAzdH3FAzdH3Fkwt3twiw5_z&e3Bkwt17_z&e3Bv54AzdH3Ff?t1=8b8dc9m9b8c8cb9dmda&ou6=frt1j6&u56=rv | https://img0.baidu.com/it/u=1831333619,2555677971&fm=253&fmt=auto&app=120&f=JPEG?w=500&h=1095",
102,桂林山水图卷,1931,evt_02243,已下载,C:\Users\wu\Desktop\待查作品图片\102_桂林山水图卷.jpg,"https://img0.baidu.com/it/u=1636058723,410106788&fm=253&fmt=auto&app=120&f=JPEG?w=800&h=1044",百度图片-雅昌画廊,黄宾虹 桂林山水图卷 拍卖,19,TRUE,TRUE,b7556a1c3eff38a2253a1f0815fa977f4bfcc0cf211921d2367092cfd9ac256f,5,"[19 作品名=False 查询作品名=True 作者=True] 黄宾虹 山水 纸本立轴 画芯尺寸:138*35cm(9595 - 抖音 | ippr_z2C$qAzdH3FAzdH3Fooo_z&e3B157ytg_z&e3Bv54AzdH3Fg5pjAzdH3F09blda098ndc99l89cc | https://img1.baidu.com/it/u=880967168,3686805236&fm=253&fmt=auto&app=138&f=JPEG?w=800&h=1067","[19 作品名=False 查询作品名=True 作者=True] 🖼️黄宾虹山水画欣赏 | ippr_z2C$qAzdH3FAzdH3F4k1_z&e3Bkwt17_z&e3Bv54AzdH3Fgjofrw2jAzdH3F1wpwAzdH3F1pswg1tg2f7rj6?gt1=1p_9bb9n88llnd0ldd9nbc | https://img0.baidu.com/it/u=1636058723,410106788&fm=253&fmt=auto&app=120&f=JPEG?w=800&h=1044","[19 作品名=False 查询作品名=True 作者=True] 黄宾虹桂林山水画:荒野奇峰的写实与诗意 | ippr_z2C$qAzdH3FAzdH3F4k1_z&e3Bkwt17_z&e3Bv54AzdH3Fgjofrw2jAzdH3F1wpwAzdH3F1pswg1tg2f7rj6?gt1=1p_nm8cll8980cc8lbb9ab | https://img0.baidu.com/it/u=26159074,4141158998&fm=253&fmt=auto&app=138&f=JPEG?w=500&h=942",
106,雁山叙别图,1931,evt_02305,已下载,C:\Users\wu\Desktop\待查作品图片\106_雁山叙别图.jpg,"https://img0.baidu.com/it/u=3985063661,4121470302&fm=253&fmt=auto&app=120&f=JPEG?w=500&h=1404",百度图片-北京保利,《雁山叙别图》 黄宾虹,19,TRUE,TRUE,2a7fe7ceac1a820b8c960563aee4ac04b9085968c62ebabe5cad0f25956e6921,5,"[19 作品名=False 查询作品名=True 作者=True] 黄宾虹 山水 纸本立轴 画芯尺寸:138*35cm(9595 - 抖音 | ippr_z2C$qAzdH3FAzdH3Fooo_z&e3B157ytg_z&e3Bv54AzdH3Fg5pjAzdH3F09blda098ndc99l89cc | https://img1.baidu.com/it/u=880967168,3686805236&fm=253&fmt=auto&app=138&f=JPEG?w=800&h=1067","[19 作品名=False 查询作品名=True 作者=True] 纪念黄宾虹诞辰160周年|王鲁湘:黄宾虹画学的理论基石 | ippr_z2C$qAzdH3FAzdH3Fv7s_z&e3Bf5i7_z&e3Bv54AzdH3FwAzdH3Flaa0ccan9_8d88d90l9 | https://img0.baidu.com/it/u=3985063661,4121470302&fm=253&fmt=auto&app=120&f=JPEG?w=500&h=1404","[19 作品名=False 查询作品名=True 作者=True] 黄宾虹:画山能重,画水能轻 | ippr_z2C$qAzdH3FAzdH3Fkwt3twiw5_z&e3Bkwt17_z&e3Bv54AzdH3Ff?t1=8bnlcbnmlm0nna9cm09&ou6=frt1j6&u56=rv | https://img1.baidu.com/it/u=3944355049,1174511181&fm=253&fmt=auto&app=138&f=JPEG?w=500&h=698",
110,仕女图,1932,evt_02398,已下载,C:\Users\wu\Desktop\待查作品图片\110_仕女图.jpg,"https://img1.baidu.com/it/u=1889106966,657464561&fm=253&fmt=auto&app=138&f=JPEG?w=500&h=1552",百度图片-维基中文,《仕女图》 黄宾虹,19,TRUE,TRUE,f87c72ac7b38d27bfa25686f06ceee62c7444f1ff693b1133eac5a3ee714a0a1,5,"[19 作品名=False 查询作品名=True 作者=True] 西泠印社社藏名家大系 | 黄宾虹卷:冰上鸿飞(一) | ippr_z2C$qAzdH3FAzdH3Fojtk5_z&e3Bv54AzdH3Fppw6ptvsjAzdH3FrAzdH3Ffi5o?t1=dnal9ac80mdbadmlcbm90n | https://img0.baidu.com/it/u=1980568691,2546094386&fm=253&fmt=auto&app=120&f=JPEG?w=500&h=761","[19 作品名=False 查询作品名=True 作者=True] 笔墨生香,黄宾虹高清精品80幅 | ippr_z2C$qAzdH3FAzdH3Fooo_z&e3Bf5i7_z&e3Bv54AzdH3FwAzdH3Fbdndb00l0_8d88d9nab | https://img1.baidu.com/it/u=1889106966,657464561&fm=253&fmt=auto&app=138&f=JPEG?w=500&h=1552","[19 作品名=False 查询作品名=True 作者=True] 黄宾虹:千秋存古籀,只入画图中 | ippr_z2C$qAzdH3FAzdH3Fv3_z&e3Bftgw_z&e3Bv54_z&e3BvgAzdH3Fw6ptvsjfAzdH3FetjoAzdH3Fcmdmblmdd0AzdH3F89umnlumnaa8a8ltmb | https://img1.baidu.com/it/u=4285224923,68743072&fm=253&fmt=auto&app=120&f=JPEG?w=500&h=1147",
114,霜柑阁图,1933,evt_02525,已下载,C:\Users\wu\Desktop\待查作品图片\114_霜柑阁图.jpg,"https://img1.baidu.com/it/u=1700189879,440458557&fm=253&fmt=auto&app=120&f=JPEG?w=500&h=764",百度图片-故宫博物院,黄宾虹 霜柑阁图 拍卖,19,TRUE,TRUE,6da09463d065a865016e5abbe8097fdc38d79e58aee9d0c93db01b8d86c24af0,5,"[19 作品名=False 查询作品名=True 作者=True] 西泠印社社藏名家大系 | 黄宾虹卷:冰上鸿飞(一) | ippr_z2C$qAzdH3FAzdH3Fojtk5_z&e3Bv54AzdH3Fppw6ptvsjAzdH3FrAzdH3Ffi5o?t1=dnal9ac80mdbadmlcbm90n | https://img0.baidu.com/it/u=1980568691,2546094386&fm=253&fmt=auto&app=120&f=JPEG?w=500&h=761","[19 作品名=False 查询作品名=True 作者=True] 西泠印社社藏名家大系 | 黄宾虹卷:冰上鸿飞(一) | ippr_z2C$qAzdH3FAzdH3Fojtk5_z&e3Bv54AzdH3Fppw6ptvsjAzdH3FrAzdH3Ffi5o?t1=dnal9ac80mdbadmlcbm90n | https://img1.baidu.com/it/u=1700189879,440458557&fm=253&fmt=auto&app=120&f=JPEG?w=500&h=764","[19 作品名=False 查询作品名=True 作者=True] 西泠印社社藏名家大系黄宾虹卷冰上鸿飞三 | ippr_z2C$qAzdH3FAzdH3Fv7s_z&e3Bf5i7_z&e3Bv54AzdH3FwAzdH3Fla09cnccb_8d888ln0m | https://img1.baidu.com/it/u=19568963,2439034410&fm=253&fmt=auto&app=138&f=JPEG?w=500&h=964",
118,先父陆抑非与黄宾虹的一段轶闻,1933,evt_02707,已下载,C:\Users\wu\Desktop\待查作品图片\118_先父陆抑非与黄宾虹的一段轶闻.jpg,"https://img2.baidu.com/it/u=4123108203,2652576167&fm=253&fmt=auto&app=138&f=JPEG?w=500&h=823",百度图片-豆瓣,黄宾虹 先父陆抑非与黄宾虹的一段轶闻,19,TRUE,TRUE,bd4b5f412b66650d6bea4acfad4d0cc8e714e5f301de4180f027ee501f15bc22,3,"[19 作品名=False 查询作品名=True 作者=True] 歙县探寻黄宾虹故居 | ippr_z2C$qAzdH3FAzdH3Fooo_z&e3B4jtrtwg_z&e3BvgAzdH3Ftmpq32s?u654=vwsswrr | https://img2.baidu.com/it/u=4123108203,2652576167&fm=253&fmt=auto&app=138&f=JPEG?w=500&h=823","[19 作品名=False 查询作品名=True 作者=True] 黄宾虹的生平简介 | ippr_z2C$qAzdH3FAzdH3Fooo_z&e3B6jg6jg15v_z&e3Bv54AzdH3Frwrj6AzdH3Fdnbn8d8nb_z&e3Bip4s | https://img2.baidu.com/it/u=1855613553,2749142634&fm=253&fmt=auto&app=138&f=JPEG?w=500&h=707","[19 作品名=False 查询作品名=True 作者=True] 八雅轩丨【墨缘有约】栖霞岭是黄宾虹人生中最快乐的时光 | ippr_z2C$qAzdH3FAzdH3F65ss_z&e3Bf5i7_z&e3Bv54AzdH3FwAzdH3F0clllanml_8d88d90a0 | https://img0.baidu.com/it/u=348333442,2280666630&fm=253&fmt=auto&app=120&f=JPEG?w=330&h=313",
122,蜀中纪游图,1933,evt_02759,已下载,C:\Users\wu\Desktop\待查作品图片\122_蜀中纪游图.jpg,"https://img0.baidu.com/it/u=3994189142,3485047284&fm=253&fmt=auto&app=120&f=JPEG?w=500&h=1360",百度图片-中国艺术研究院,黄宾虹《蜀中纪游图》,19,TRUE,TRUE,771864b2e480efd24b3d0cab0b9167c91d617f510b48792f21e2e3a8ff3a7b83,5,"[19 作品名=False 查询作品名=True 作者=True] 黄宾虹  蜀中纪游 | ippr_z2C$qAzdH3FAzdH3Fojtk5_z&e3Bv54AzdH3Fcbddd9ddd0AzdH3FOF6OZeenp | https://img0.baidu.com/it/u=3994189142,3485047284&fm=253&fmt=auto&app=120&f=JPEG?w=500&h=1360","[19 作品名=False 查询作品名=True 作者=True]  p data-id=""gn5hi1tbsi"">黄宾虹蜀江射洪纪游图轴,近现代文物,现收藏 | ippr_z2C$qAzdH3FAzdH3Fkwthj_z&e3Bkwt17_z&e3Bv54AzdH3Ftpj4AzdH3F%Eb%lC%ba%Em%B8%lF%Ec%Ba%b9%Em%B9%AA%E0%BA%AA%Em%Bb%Bb%Ec%lB%BEAzdH3Fm9lbm0dn | https://img2.baidu.com/it/u=3356032416,1502546&fm=253&fmt=auto&app=138&f=JPEG?w=500&h=1231","[19 作品名=False 查询作品名=True 作者=True] 黄宾虹 山水 纸本立轴 画芯尺寸:138*35cm(9595 - 抖音 | ippr_z2C$qAzdH3FAzdH3Fooo_z&e3B157ytg_z&e3Bv54AzdH3Fg5pjAzdH3F09blda098ndc99l89cc | https://img1.baidu.com/it/u=880967168,3686805236&fm=253&fmt=auto&app=138&f=JPEG?w=800&h=1067",
126,渔洋精华录,1934,evt_02940,候选未确认,,"https://img2.baidu.com/it/u=653015863,1056380628&fm=253&fmt=auto&app=138&f=JPEG?w=500&h=542",百度图片,黄宾虹 渔洋精华录,12,TRUE,TRUE,,5,"[12 作品名=False 查询作品名=True 作者=True] 黄宾虹:我死后五十年,我的画会热闹起来 | ippr_z2C$qAzdH3FAzdH3Fkwt3twiw5_z&e3Bkwt17_z&e3Bv54AzdH3Ff?t1=8b998anc8lm8n998ldc&ou6=frt1j6&u56=rv | https://img2.baidu.com/it/u=653015863,1056380628&fm=253&fmt=auto&app=138&f=JPEG?w=500&h=542","[12 作品名=False 查询作品名=True 作者=True] 黄宾虹:那个最孤独的人 | ippr_z2C$qAzdH3FAzdH3Fgjof_z&e3Bf5i7_z&e3Bv54AzdH3FwAzdH3Fm9ld9am0m_8d88d9088 | https://img2.baidu.com/it/u=4088166164,1071232435&fm=253&fmt=auto&app=138&f=JPEG?w=595&h=500","[12 作品名=False 查询作品名=True 作者=True] 黄宾虹的白与黑,独特的""三段式""艺术历程 | ippr_z2C$qAzdH3FAzdH3Fooo_z&e3B8mn_z&e3Bv54AzdH3F1yAzdH3Fw6ptvsjAzdH3FKKFDM9bHacd8BMHc_z&e3Bip4s | https://img1.baidu.com/it/u=3053749951,2163549882&fm=253&fmt=auto&app=120&f=JPEG?w=500&h=920",没有候选命中具体作品名/别名，且没有来自定向中文站的精确查询结果，已禁止自动下载
130,两髯行-题张善孖、大千昆弟华山行卷即以留别,1934,evt_02976,已下载,C:\Users\wu\Desktop\待查作品图片\130_两髯行-题张善孖、大千昆弟华山行卷即以留别.jpg,"https://img0.baidu.com/it/u=3924418116,1325232239&fm=253&fmt=auto&app=138&f=JPEG?w=800&h=1067",百度图片-文汇报,黄宾虹《两髯行-题张善孖、大千昆弟华山行卷即以留别》,19,TRUE,TRUE,c2c078f21f499a219963ad6654b2280ccd8a943b5bf108617cdbd3f469b7fe2f,5,"[19 作品名=False 查询作品名=True 作者=True] 黄宾虹|《画学篇》 | ippr_z2C$qAzdH3FAzdH3Fooo_z&e3Bf5i7_z&e3Bv54AzdH3FwAzdH3F0b99cbn8c_8d88d908a | https://img0.baidu.com/it/u=2994276961,2787624003&fm=253&fmt=auto&app=138&f=JPEG?w=500&h=3235","[19 作品名=False 查询作品名=True 作者=True] 黄宾虹的山水字画清奇脱俗. | ippr_z2C$qAzdH3FAzdH3Fooo_z&e3B157ytg_z&e3Bv54AzdH3Fg5pjAzdH3F0nca9cmnml0aa90980c | https://img0.baidu.com/it/u=3924418116,1325232239&fm=253&fmt=auto&app=138&f=JPEG?w=800&h=1067","[19 作品名=False 查询作品名=True 作者=True] 临虹叟|单字.#写字是一种生活 #笔墨当随时代 #黄宾虹 - 抖音 | ippr_z2C$qAzdH3FAzdH3Fooo_z&e3B157ytg_z&e3Bv54AzdH3Fg5pjAzdH3F0db899l9m9nd9dmnddc | https://img2.baidu.com/it/u=1358454551,443895431&fm=253&fmt=auto&app=138&f=JPEG?w=1038&h=800",
134,上海美专秋季画展与音乐会,1934,evt_02998,已下载,C:\Users\wu\Desktop\待查作品图片\134_上海美专秋季画展与音乐会.jpg,"https://img1.baidu.com/it/u=3188633249,4259433593&fm=253&fmt=auto&app=120&f=JPEG?w=800&h=1054",百度图片-雅昌艺术网,《上海美专秋季画展与音乐会》 黄宾虹,19,TRUE,TRUE,630a29788871231a6a101dd0251ed0877ce011e07a99a635e09225be824fa94e,5,"[19 作品名=False 查询作品名=True 作者=True] 《黄宾虹》100x68cm(现有作品) - 抖音 | ippr_z2C$qAzdH3FAzdH3Fooo_z&e3B157ytg_z&e3Bv54AzdH3Fg5pjAzdH3F0calal0clb8ld0mmdn9 | https://img1.baidu.com/it/u=3585848833,3082457150&fm=253&fmt=auto&app=138&f=JPEG?w=800&h=1156","[19 作品名=False 查询作品名=True 作者=True] 新安画派巨擘,黄宾虹.全才.观前人,启发后人. - 抖音 | ippr_z2C$qAzdH3FAzdH3Fooo_z&e3B157ytg_z&e3Bv54AzdH3Fg5pjAzdH3F0ncadbmdcnnm9la0d0m | https://img0.baidu.com/it/u=715131530,524695957&fm=253&fmt=auto&app=138&f=JPEG?w=800&h=1067","[19 作品名=False 查询作品名=True 作者=True] 杭州看展必去:黄宾虹书画艺术展 | ippr_z2C$qAzdH3FAzdH3F4k1_z&e3Bkwt17_z&e3Bv54AzdH3Fgjofrw2jAzdH3F1wpwAzdH3F1pswg1tg2f7rj6?gt1=1p_990nm8nmcd0aa88ma8m | https://img1.baidu.com/it/u=3188633249,4259433593&fm=253&fmt=auto&app=120&f=JPEG?w=800&h=1054",
138,邱石冥国画展览会,1935,evt_03102,已下载,C:\Users\wu\Desktop\待查作品图片\138_邱石冥国画展览会.jpg,"https://img1.baidu.com/it/u=2694082579,3658184646&fm=253&fmt=auto&app=138&f=JPEG?w=500&h=653",百度图片-中国书画网,黄宾虹《邱石冥国画展览会》,19,TRUE,TRUE,e60db5abfc58af8fe3ef96382c8662ae2f2ce23528298721c6e1282be8bdf8eb,5,"[19 作品名=False 查询作品名=True 作者=True] 🎨 浙博再遇黄宾虹 | ippr_z2C$qAzdH3FAzdH3F4k1_z&e3Bkwt17_z&e3Bv54AzdH3Fgjofrw2jAzdH3F1wpwAzdH3F1pswg1tg2f7rj6?gt1=1p_9cbb9mab0m8ba8aa8cb | https://img1.baidu.com/it/u=2694082579,3658184646&fm=253&fmt=auto&app=138&f=JPEG?w=500&h=653","[19 作品名=False 查询作品名=True 作者=True] 一屋灯起,万山通明.#国画艺术 #黄宾虹山水 #浙江博物馆 - 抖音 | ippr_z2C$qAzdH3FAzdH3Fooo_z&e3B157ytg_z&e3Bv54AzdH3Fg5pjAzdH3F0caa0b0a0la090dldca | https://img2.baidu.com/it/u=3394385038,4169568072&fm=253&fmt=auto&app=138&f=JPEG?w=800&h=1067","[19 作品名=False 查询作品名=True 作者=True] 黄宾虹 山水 纸本立轴 画芯尺寸:138*35cm(9595 - 抖音 | ippr_z2C$qAzdH3FAzdH3Fooo_z&e3B157ytg_z&e3Bv54AzdH3Fg5pjAzdH3F09blda098ndc99l89cc | https://img1.baidu.com/it/u=880967168,3686805236&fm=253&fmt=auto&app=138&f=JPEG?w=800&h=1067",
142,九龙潭图,1935,evt_03157,已下载,C:\Users\wu\Desktop\待查作品图片\142_九龙潭图.jpg,"https://img0.baidu.com/it/u=653814535,613971991&fm=253&fmt=auto&app=138&f=JPEG?w=395&h=1200",百度图片-360百科,黄宾虹 九龙潭图 画,19,TRUE,TRUE,007dc412f6485404cd1de692fe787584fa2044b92ecaf549ed1ac3c17912e4ae,5,"[19 作品名=False 查询作品名=True 作者=True] 黄宾虹(1865～1955) 九华山色图 | ippr_z2C$qAzdH3FAzdH3Fwrr_z&e3Bxsyfw7v_z&e3Bv54AzdH3Fw7vpt5gAzdH3F1jpwtsAzdH3Ft1AzdH3Fmdml0AzdH3F561j6AzdH3Fjews_r6tvjAzdH3Ff56pAzdH3F1jfv_z&e3Bip4s | https://img0.baidu.com/it/u=653814535,613971991&fm=253&fmt=auto&app=138&f=JPEG?w=395&h=1200","[19 作品名=False 查询作品名=True 作者=True] 黄宾虹的山水画:笔墨交融,意境深远 | ippr_z2C$qAzdH3FAzdH3Fkwt3twiw5_z&e3Bkwt17_z&e3Bv54AzdH3Ff?t1=8bdaldlcanlddllacan&ou6=frt1j6&u56=rv | https://img0.baidu.com/it/u=791682277,3217862282&fm=253&fmt=auto&app=138&f=JPEG?w=500&h=909","[19 作品名=False 查询作品名=True 作者=True] 黄宾虹是一位著名的中国画家,他的作品深受人们的喜爱 - 抖音 | ippr_z2C$qAzdH3FAzdH3Fooo_z&e3B157ytg_z&e3Bv54AzdH3Fg5pjAzdH3F0nmnl09999bad9880l8 | https://img2.baidu.com/it/u=3916266663,753758302&fm=253&fmt=auto&app=138&f=JPEG?w=800&h=2230",
146,四时花卉图,1935,evt_03170,已下载,C:\Users\wu\Desktop\待查作品图片\146_四时花卉图.jpg,"https://img0.baidu.com/it/u=818476983,2597327650&fm=253&fmt=auto&app=120&f=JPEG?w=500&h=1150",百度图片-百度百科,黄宾虹 四时花卉图,19,TRUE,TRUE,6afd4f21701bc8acb6b9b36976ded8a62ddd38b4113969e7883417dcdb4963d3,5,"[19 作品名=False 查询作品名=True 作者=True] 墨韵生花处:黄宾虹花鸟画中的乱世诗心 | ippr_z2C$qAzdH3FAzdH3Fkwt3twiw5_z&e3Bkwt17_z&e3Bv54AzdH3Ff?t1=8bna90na8ldlm0lab0c&ou6=frt1j6&u56=rv | https://img0.baidu.com/it/u=818476983,2597327650&fm=253&fmt=auto&app=120&f=JPEG?w=500&h=1150","[19 作品名=False 查询作品名=True 作者=True] 黄宾虹的花卉清雅芬芳 | ippr_z2C$qAzdH3FAzdH3Fooo_z&e3Bf5i7_z&e3Bv54AzdH3FwAzdH3F0lndcbn8c_8d88d908l | https://img1.baidu.com/it/u=868940177,2647698774&fm=253&fmt=auto&app=138&f=JPEG?w=465&h=1327","[19 作品名=False 查询作品名=True 作者=True] 黄宾虹的花卉清雅芬芳 | ippr_z2C$qAzdH3FAzdH3Fooo_z&e3Bf5i7_z&e3Bv54AzdH3FwAzdH3F0lndcbn8c_8d88d908l | https://img2.baidu.com/it/u=149927447,3313204340&fm=253&fmt=auto&app=138&f=JPEG?w=465&h=1043",
150,画展,1935,evt_03214,已下载,C:\Users\wu\Desktop\待查作品图片\150_画展.jpg,"https://img0.baidu.com/it/u=4070943975,2256501838&fm=253&fmt=auto&app=138&f=JPEG?w=800&h=1067",百度图片-荣宝斋,黄宾虹《画展》,19,TRUE,TRUE,456464db2d9ee90f5a852f15f91c24491cf68216d6c071ac6c8feee5057ea3cf,5,"[19 作品名=False 查询作品名=True 作者=True] 黄宾虹山水华滋花鸟欢快,赏心悦目!#文人画 #黄 - 抖音 | ippr_z2C$qAzdH3FAzdH3Fooo_z&e3B157ytg_z&e3Bv54AzdH3Fg5pjAzdH3F0c8acacaldb00l9m89l | https://img0.baidu.com/it/u=4070943975,2256501838&fm=253&fmt=auto&app=138&f=JPEG?w=800&h=1067","[19 作品名=False 查询作品名=True 作者=True] 杭州看展必去:黄宾虹书画艺术展 | ippr_z2C$qAzdH3FAzdH3F4k1_z&e3Bkwt17_z&e3Bv54AzdH3Fgjofrw2jAzdH3F1wpwAzdH3F1pswg1tg2f7rj6?gt1=1p_990nm8nmcd0aa88ma8m | https://img1.baidu.com/it/u=3188633249,4259433593&fm=253&fmt=auto&app=120&f=JPEG?w=800&h=1054","[19 作品名=False 查询作品名=True 作者=True] 一屋灯起,万山通明.#国画艺术 #黄宾虹山水 #浙江博物馆 - 抖音 | ippr_z2C$qAzdH3FAzdH3Fooo_z&e3B157ytg_z&e3Bv54AzdH3Fg5pjAzdH3F0caa0b0a0la090dldca | https://img2.baidu.com/it/u=3394385038,4169568072&fm=253&fmt=auto&app=138&f=JPEG?w=800&h=1067",
154,海山揽胜图,1936,evt_03347,已下载,C:\Users\wu\Desktop\待查作品图片\154_海山揽胜图.jpg,"https://img0.baidu.com/it/u=791682277,3217862282&fm=253&fmt=auto&app=138&f=JPEG?w=500&h=909",百度图片-朵云轩,黄宾虹 海山揽胜图,19,TRUE,TRUE,40377e51af7dd620b42b660078060a04b5d64f2e0af9b5c81be4e94a2e302603,5,"[19 作品名=False 查询作品名=True 作者=True] 自然是活勉强即死黄宾虹先生逝世70周年 | ippr_z2C$qAzdH3FAzdH3Fv7s_z&e3Bf5i7_z&e3Bv54AzdH3FwAzdH3Fbmnncbcdd_8dad08bad | https://img0.baidu.com/it/u=1909866108,3106261465&fm=253&fmt=auto&app=138&f=JPEG?w=500&h=697","[19 作品名=False 查询作品名=True 作者=True] 黄宾虹 山水 纸本立轴 画芯尺寸:138*35cm(9595 - 抖音 | ippr_z2C$qAzdH3FAzdH3Fooo_z&e3B157ytg_z&e3Bv54AzdH3Fg5pjAzdH3F09blda098ndc99l89cc | https://img1.baidu.com/it/u=880967168,3686805236&fm=253&fmt=auto&app=138&f=JPEG?w=800&h=1067","[19 作品名=False 查询作品名=True 作者=True] 黄宾虹的山水画:笔墨交融,意境深远 | ippr_z2C$qAzdH3FAzdH3Fkwt3twiw5_z&e3Bkwt17_z&e3Bv54AzdH3Ff?t1=8bdaldlcanlddllacan&ou6=frt1j6&u56=rv | https://img0.baidu.com/it/u=791682277,3217862282&fm=253&fmt=auto&app=138&f=JPEG?w=500&h=909",
158,寒月行窝图,1937,evt_03452,已下载,C:\Users\wu\Desktop\待查作品图片\158_寒月行窝图.jpg,"https://img2.baidu.com/it/u=3441634913,3235318685&fm=253&fmt=auto&app=120&f=JPEG?w=500&h=1469",百度图片-博宝艺术网,黄宾虹《寒月行窝图》,19,TRUE,TRUE,67a754052ff6dbd988f39e2727620b69e96d708b0c35904ca029a6f07f0b7ee1,5,"[19 作品名=False 查询作品名=True 作者=True] 西泠印社社藏名家大系 | 黄宾虹卷:冰上鸿飞(六) | ippr_z2C$qAzdH3FAzdH3Fooo_z&e3Bf5i7_z&e3Bv54AzdH3FwAzdH3Fl898nadmb_8d888ln0m | https://img2.baidu.com/it/u=3441634913,3235318685&fm=253&fmt=auto&app=120&f=JPEG?w=500&h=1469","[19 作品名=False 查询作品名=True 作者=True] 西泠印社社藏名家大系 | 黄宾虹卷:冰上鸿飞(一) | ippr_z2C$qAzdH3FAzdH3Fojtk5_z&e3Bv54AzdH3Fppw6ptvsjAzdH3FrAzdH3Ffi5o?t1=dnal9ac80mdbadmlcbm90n | https://img0.baidu.com/it/u=1980568691,2546094386&fm=253&fmt=auto&app=120&f=JPEG?w=500&h=761","[19 作品名=False 查询作品名=True 作者=True] 西泠印社社藏名家大系 | 黄宾虹卷:冰上鸿飞(一) | ippr_z2C$qAzdH3FAzdH3Fojtk5_z&e3Bv54AzdH3Fppw6ptvsjAzdH3FrAzdH3Ffi5o?t1=dnal9ac80mdbadmlcbm90n | https://img1.baidu.com/it/u=1700189879,440458557&fm=253&fmt=auto&app=120&f=JPEG?w=500&h=764",
162,竹北栘问学录——师从黄宾虹先生学习书画鉴定的回忆,1937,evt_03565,已下载,C:\Users\wu\Desktop\待查作品图片\162_竹北栘问学录——师从黄宾虹先生学习书画鉴定的回忆.jpg,"https://img0.baidu.com/it/u=4154744151,3885057781&fm=253&fmt=auto&app=138&f=JPEG?w=514&h=500",百度图片-光明网文化,竹北栘问学录——师从黄宾虹先生学习书画鉴定的回忆 黄宾虹 作品 图片,19,TRUE,TRUE,83fa597657d31e98b512975e88111bdb4a9b9415e6387b7aabf165137af57673,5,"[19 作品名=False 查询作品名=True 作者=True] 黄宾虹《山水四绝》欣赏指南 🌄 | ippr_z2C$qAzdH3FAzdH3F4k1_z&e3Bkwt17_z&e3Bv54AzdH3Fgjofrw2jAzdH3F1wpwAzdH3F1pswg1tg2f7rj6?gt1=1p_9d0mb09nc8balnaa0mc | https://img0.baidu.com/it/u=4154744151,3885057781&fm=253&fmt=auto&app=138&f=JPEG?w=514&h=500","[19 作品名=False 查询作品名=True 作者=True] 🎨黄宾虹画作鉴定:真迹还是仿品? | ippr_z2C$qAzdH3FAzdH3F4k1_z&e3Bkwt17_z&e3Bv54AzdH3Fgjofrw2jAzdH3F1wpwAzdH3F1pswg1tg2f7rj6?gt1=1p_c0aa0mmc8808nlmbl9d | https://img2.baidu.com/it/u=2802537509,3618694877&fm=253&fmt=auto&app=138&f=JPEG?w=500&h=646","[19 作品名=False 查询作品名=True 作者=True] 🖼️黄宾虹山水画欣赏 | ippr_z2C$qAzdH3FAzdH3F4k1_z&e3Bkwt17_z&e3Bv54AzdH3Fgjofrw2jAzdH3F1wpwAzdH3F1pswg1tg2f7rj6?gt1=1p_9bb9n88llnd0ldd9nbc | https://img0.baidu.com/it/u=1636058723,410106788&fm=253&fmt=auto&app=120&f=JPEG?w=800&h=1044",
166,春明馆看花图,1938,evt_03608,已下载,C:\Users\wu\Desktop\待查作品图片\166_春明馆看花图.jpg,"https://img2.baidu.com/it/u=1235230086,4071205799&fm=253&fmt=auto&app=138&f=JPEG?w=500&h=652",百度图片-文汇报,黄宾虹《春明馆看花图》,19,TRUE,TRUE,9ea90521a6aed6087d73e75047e2e9205bd6b41268934e4e88450debcdc9b154,5,"[19 作品名=False 查询作品名=True 作者=True] 墨韵生花处:黄宾虹花鸟画中的乱世诗心 | ippr_z2C$qAzdH3FAzdH3Fkwt3twiw5_z&e3Bkwt17_z&e3Bv54AzdH3Ff?t1=8bna90na8ldlm0lab0c&ou6=frt1j6&u56=rv | https://img0.baidu.com/it/u=818476983,2597327650&fm=253&fmt=auto&app=120&f=JPEG?w=500&h=1150","[19 作品名=False 查询作品名=True 作者=True] 黄宾虹花鸟画:意境与技法的完美结合 | ippr_z2C$qAzdH3FAzdH3F4k1_z&e3Bkwt17_z&e3Bv54AzdH3Fgjofrw2jAzdH3F1wpwAzdH3F1pswg1tg2f7rj6?gt1=1p_caddnm90a8l8n90dn0l | https://img2.baidu.com/it/u=1235230086,4071205799&fm=253&fmt=auto&app=138&f=JPEG?w=500&h=652","[19 作品名=False 查询作品名=True 作者=True] 黄宾虹的花卉清雅芬芳 | ippr_z2C$qAzdH3FAzdH3Fooo_z&e3Bf5i7_z&e3Bv54AzdH3FwAzdH3F0lndcbn8c_8d88d908l | https://img1.baidu.com/it/u=868940177,2647698774&fm=253&fmt=auto&app=138&f=JPEG?w=465&h=1327",
170,助读楼图卷,1939,evt_03660,已下载,C:\Users\wu\Desktop\待查作品图片\170_助读楼图卷.jpg,"https://img0.baidu.com/it/u=1902527933,3875913292&fm=253&fmt=auto&app=138&f=JPEG?w=500&h=906",百度图片-腾讯文化,黄宾虹《助读楼图卷》,19,TRUE,TRUE,36b54fab3caa0f3e6f1b16978f284ec54da2788225b0ed178b38afd4784d22f8,5,"[19 作品名=False 查询作品名=True 作者=True] 黄宾虹:不读万卷书,不行万里路,难以言境界 | ippr_z2C$qAzdH3FAzdH3Fkwt3twiw5_z&e3Bkwt17_z&e3Bv54AzdH3Ff?t1=8b8dc9m9b8c8cb9dmda&ou6=frt1j6&u56=rv | https://img0.baidu.com/it/u=1831333619,2555677971&fm=253&fmt=auto&app=120&f=JPEG?w=500&h=1095","[19 作品名=False 查询作品名=True 作者=True] 黄宾虹,册页35x50x8纸本 - 抖音 | ippr_z2C$qAzdH3FAzdH3Fooo_z&e3B157ytg_z&e3Bv54AzdH3Fg5pjAzdH3F0c8lm0n9m89cmlnd8cn | https://img1.baidu.com/it/u=2320133690,1976072192&fm=253&fmt=auto&app=138&f=JPEG?w=800&h=1067","[19 作品名=False 查询作品名=True 作者=True] 黄宾虹画作精选:13幅名画欣赏 | ippr_z2C$qAzdH3FAzdH3F4k1_z&e3Bkwt17_z&e3Bv54AzdH3Fgjofrw2jAzdH3F1wpwAzdH3F1pswg1tg2f7rj6?gt1=1p_nlca9db0dml0bddclnb | https://img2.baidu.com/it/u=3820920448,4207814388&fm=253&fmt=auto&app=138&f=JPEG?w=500&h=653",
174,峨嵋山图,1939,evt_03704,未找到,,,,,,,,,0,,,,
178,焦山消夏图,1939,evt_03709,已下载,C:\Users\wu\Desktop\待查作品图片\178_焦山消夏图.jpg,"https://img2.baidu.com/it/u=1475606927,120919617&fm=253&fmt=auto&app=138&f=JPEG?w=500&h=1049",百度图片-美术网,黄宾虹 焦山消夏图 拍卖,19,TRUE,TRUE,af33451cac52e4995dda467f32019415f081b09ef4b4446ae66f55b5b95b5957,5,"[19 作品名=False 查询作品名=True 作者=True] 黄宾虹 山水 纸本立轴 画芯尺寸:138*35cm(9595 - 抖音 | ippr_z2C$qAzdH3FAzdH3Fooo_z&e3B157ytg_z&e3Bv54AzdH3Fg5pjAzdH3F09blda098ndc99l89cc | https://img1.baidu.com/it/u=880967168,3686805236&fm=253&fmt=auto&app=138&f=JPEG?w=800&h=1067","[19 作品名=False 查询作品名=True 作者=True] 黄宾虹,册页35x50x8纸本 - 抖音 | ippr_z2C$qAzdH3FAzdH3Fooo_z&e3B157ytg_z&e3Bv54AzdH3Fg5pjAzdH3F0c8lm0n9m89cmlnd8cn | https://img1.baidu.com/it/u=2320133690,1976072192&fm=253&fmt=auto&app=138&f=JPEG?w=800&h=1067","[19 作品名=False 查询作品名=True 作者=True] 一屋灯起,万山通明.#国画艺术 #黄宾虹山水 #浙江博物馆 - 抖音 | ippr_z2C$qAzdH3FAzdH3Fooo_z&e3B157ytg_z&e3Bv54AzdH3Fg5pjAzdH3F0caa0b0a0la090dldca | https://img2.baidu.com/it/u=3394385038,4169568072&fm=253&fmt=auto&app=138&f=JPEG?w=800&h=1067",
182,茶寿高会图,1940,evt_03735,已下载,C:\Users\wu\Desktop\待查作品图片\182_茶寿高会图.jpg,"https://img0.baidu.com/it/u=4022622892,2436186666&fm=253&fmt=auto&app=120&f=JPEG?w=500&h=768",百度图片-故宫博物院,黄宾虹《茶寿高会图》,19,TRUE,TRUE,cc1d1440b873ed4b774f55cd27addc98174f4e0b04ae5a558788cee2a76e4032,5,"[19 作品名=False 查询作品名=True 作者=True] 西泠印社社藏名家大系 | 黄宾虹卷:冰上鸿飞(一) | ippr_z2C$qAzdH3FAzdH3Fojtk5_z&e3Bv54AzdH3Fppw6ptvsjAzdH3FrAzdH3Ffi5o?t1=dnal9ac80mdbadmlcbm90n | https://img0.baidu.com/it/u=1980568691,2546094386&fm=253&fmt=auto&app=120&f=JPEG?w=500&h=761","[19 作品名=False 查询作品名=True 作者=True] 西泠印社社藏名家大系 | 黄宾虹卷:冰上鸿飞(一) | ippr_z2C$qAzdH3FAzdH3Fojtk5_z&e3Bv54AzdH3Fppw6ptvsjAzdH3FrAzdH3Ffi5o?t1=dnal9ac80mdbadmlcbm90n | https://img0.baidu.com/it/u=4022622892,2436186666&fm=253&fmt=auto&app=120&f=JPEG?w=500&h=768","[19 作品名=False 查询作品名=True 作者=True] 西泠印社社藏名家大系 | 黄宾虹卷:冰上鸿飞(一) | ippr_z2C$qAzdH3FAzdH3Fojtk5_z&e3Bv54AzdH3Fppw6ptvsjAzdH3FrAzdH3Ffi5o?t1=dnal9ac80mdbadmlcbm90n | https://img1.baidu.com/it/u=1700189879,440458557&fm=253&fmt=auto&app=120&f=JPEG?w=500&h=764",
186,林衡者诗意图,1940,evt_03772,已下载,C:\Users\wu\Desktop\待查作品图片\186_林衡者诗意图.jpg,"https://img0.baidu.com/it/u=378400418,3919839464&fm=253&fmt=auto&app=138&f=JPEG?w=500&h=641",百度图片-故宫博物院,黄宾虹《林衡者诗意图》,19,TRUE,TRUE,a989fa6866056e0fcd3e56e0246c2b48a9df9648d8015826a525ff542bd35902,5,"[19 作品名=False 查询作品名=True 作者=True] 黄宾虹:古典主义的永恒传奇 🎨 | ippr_z2C$qAzdH3FAzdH3F4k1_z&e3Bkwt17_z&e3Bv54AzdH3Fgjofrw2jAzdH3F1wpwAzdH3F1pswg1tg2f7rj6?gt1=1p_9mlmm0manamd0mc00c0 | https://img0.baidu.com/it/u=4127081860,732487425&fm=253&fmt=auto&app=138&f=JPEG?w=500&h=656","[19 作品名=False 查询作品名=True 作者=True] 黄宾虹山水画:远看万物皆现,近观却如幻境 | ippr_z2C$qAzdH3FAzdH3F4k1_z&e3Bkwt17_z&e3Bv54AzdH3Fgjofrw2jAzdH3F1wpwAzdH3F1pswg1tg2f7rj6?gt1=1p_n9an0888dlbmcalaana | https://img0.baidu.com/it/u=378400418,3919839464&fm=253&fmt=auto&app=138&f=JPEG?w=500&h=641","[19 作品名=False 查询作品名=True 作者=True] 黄宾虹山水画:道家旨归的艺术之美 🖼️ | ippr_z2C$qAzdH3FAzdH3F4k1_z&e3Bkwt17_z&e3Bv54AzdH3Fgjofrw2jAzdH3F1wpwAzdH3F1pswg1tg2f7rj6?gt1=1p_nc880m90a09cc8accmb | https://img1.baidu.com/it/u=1352677274,2467500822&fm=253&fmt=auto&app=120&f=JPEG?w=800&h=1187",
190,郭味蕖画展今日第三日,1941,evt_03845,已下载,C:\Users\wu\Desktop\待查作品图片\190_郭味蕖画展今日第三日.jpg,"https://img0.baidu.com/it/u=2274389927,77893309&fm=253&fmt=auto&app=120&f=PNG?w=728&h=500",百度图片-雅昌艺术网,黄宾虹《郭味蕖画展今日第三日》,19,TRUE,TRUE,d4c0e010a16425778aeefcd0344bcf780e198c8d767cec652109d79386dac77d,5,"[19 作品名=False 查询作品名=True 作者=True] 黄宾虹山水华滋花鸟欢快,赏心悦目!#文人画 #黄 - 抖音 | ippr_z2C$qAzdH3FAzdH3Fooo_z&e3B157ytg_z&e3Bv54AzdH3Fg5pjAzdH3F0c8acacaldb00l9m89l | https://img0.baidu.com/it/u=4070943975,2256501838&fm=253&fmt=auto&app=138&f=JPEG?w=800&h=1067","[19 作品名=False 查询作品名=True 作者=True] 杭州看展必去:黄宾虹书画艺术展 | ippr_z2C$qAzdH3FAzdH3F4k1_z&e3Bkwt17_z&e3Bv54AzdH3Fgjofrw2jAzdH3F1wpwAzdH3F1pswg1tg2f7rj6?gt1=1p_990nm8nmcd0aa88ma8m | https://img1.baidu.com/it/u=3188633249,4259433593&fm=253&fmt=auto&app=120&f=JPEG?w=800&h=1054","[19 作品名=False 查询作品名=True 作者=True] 黄宾虹两套册页2380万与630万,价格差四倍. | ippr_z2C$qAzdH3FAzdH3Fgjof_z&e3Bf5i7_z&e3Bv54AzdH3FwAzdH3Fl0ad8ldl9_8d8m0lb9d | https://img0.baidu.com/it/u=2274389927,77893309&fm=253&fmt=auto&app=120&f=PNG?w=728&h=500",
194,南山瑞霭图,1942,evt_03922,已下载,C:\Users\wu\Desktop\待查作品图片\194_南山瑞霭图.jpg,"https://img0.baidu.com/it/u=2510806187,3449189466&fm=253&fmt=auto&app=138&f=JPEG?w=500&h=1033",百度图片-北京翰海,黄宾虹 南山瑞霭图,19,TRUE,TRUE,d178a70c64867a917a8b7736c5cfa377763f67390f8d248caa8ae9d14d5a2c8e,5,"[19 作品名=False 查询作品名=True 作者=True] 黄宾虹(1865～1955) 山色烟霭图 | ippr_z2C$qAzdH3FAzdH3Fwrr_z&e3Bxsyfw7v_z&e3Bv54AzdH3Fw7vpt5gAzdH3F1jpwtsAzdH3Ft1AzdH3Flmb09AzdH3F561j6AzdH3Fjews_r6tvjAzdH3Ff56pAzdH3F1jfv_z&e3Bip4s | https://img2.baidu.com/it/u=1475606927,120919617&fm=253&fmt=auto&app=138&f=JPEG?w=500&h=1049","[19 作品名=False 查询作品名=True 作者=True] 黄宾虹 山水 纸本立轴 画芯尺寸:138*35cm(9595 - 抖音 | ippr_z2C$qAzdH3FAzdH3Fooo_z&e3B157ytg_z&e3Bv54AzdH3Fg5pjAzdH3F09blda098ndc99l89cc | https://img1.baidu.com/it/u=880967168,3686805236&fm=253&fmt=auto&app=138&f=JPEG?w=800&h=1067","[19 作品名=False 查询作品名=True 作者=True] 自然是活勉强即死黄宾虹先生逝世70周年 | ippr_z2C$qAzdH3FAzdH3Fv7s_z&e3Bf5i7_z&e3Bv54AzdH3FwAzdH3Fbmnncbcdd_8dad08bad | https://img0.baidu.com/it/u=1909866108,3106261465&fm=253&fmt=auto&app=138&f=JPEG?w=500&h=697",
198,眉寿图,1943,evt_04005,已下载,C:\Users\wu\Desktop\待查作品图片\198_眉寿图.jpg,"https://img0.baidu.com/it/u=1998781415,3854720736&fm=253&fmt=auto&app=138&f=JPEG?w=800&h=1067",百度图片-人民网书画,《眉寿图》 黄宾虹,19,TRUE,TRUE,9e350503bc7f9b0cddba4c781c47050fc7333ba9c1275444c5290ede1ffce005,5,"[19 作品名=False 查询作品名=True 作者=True] 《黄宾虹》100x68cm(现有作品) - 抖音 | ippr_z2C$qAzdH3FAzdH3Fooo_z&e3B157ytg_z&e3Bv54AzdH3Fg5pjAzdH3F0calal0clb8ld0mmdn9 | https://img1.baidu.com/it/u=3585848833,3082457150&fm=253&fmt=auto&app=138&f=JPEG?w=800&h=1156","[19 作品名=False 查询作品名=True 作者=True] 西泠印社社藏名家大系 | 黄宾虹卷:冰上鸿飞(一) | ippr_z2C$qAzdH3FAzdH3Fojtk5_z&e3Bv54AzdH3Fppw6ptvsjAzdH3FrAzdH3Ffi5o?t1=dnal9ac80mdbadmlcbm90n | https://img0.baidu.com/it/u=1980568691,2546094386&fm=253&fmt=auto&app=120&f=JPEG?w=500&h=761","[19 作品名=False 查询作品名=True 作者=True] 黄宾虹:古典主义的永恒传奇 🎨 | ippr_z2C$qAzdH3FAzdH3F4k1_z&e3Bkwt17_z&e3Bv54AzdH3Fgjofrw2jAzdH3F1wpwAzdH3F1pswg1tg2f7rj6?gt1=1p_9mlmm0manamd0mc00c0 | https://img0.baidu.com/it/u=4127081860,732487425&fm=253&fmt=auto&app=138&f=JPEG?w=500&h=656",
202,闲闲山庄图,1944,evt_04054,已下载,C:\Users\wu\Desktop\待查作品图片\202_闲闲山庄图.jpg,"https://img2.baidu.com/it/u=3071327344,3767100614&fm=253&fmt=auto&app=138&f=JPEG?w=500&h=706",百度图片-北京翰海,黄宾虹 闲闲山庄图,19,TRUE,TRUE,092a62833a9ac8fb23d75d41cb56fce45572be9e26efebd97e5394948f368b4a,5,"[19 作品名=False 查询作品名=True 作者=True] 黄宾虹的山水画,干笔淡墨,疏淡清逸,空灵古雄 | ippr_z2C$qAzdH3FAzdH3Fv7s_z&e3Bf5i7_z&e3Bv54AzdH3FwAzdH3Flda00nbm0_8d88d90nn | https://img2.baidu.com/it/u=3071327344,3767100614&fm=253&fmt=auto&app=138&f=JPEG?w=500&h=706","[19 作品名=False 查询作品名=True 作者=True] 黄宾虹(1865年-1955年),现代杰出国画大师. | ippr_z2C$qAzdH3FAzdH3Fkwt3twiw5_z&e3Bkwt17_z&e3Bv54AzdH3Ff?t1=8bcal8bbdmdm99nanaa&ou6=frt1j6&u56=rv | https://img0.baidu.com/it/u=3935580234,2072996142&fm=253&fmt=auto&app=120&f=JPEG?w=500&h=1016","[19 作品名=False 查询作品名=True 作者=True] 赏画 | 黄宾虹《山居图》 | ippr_z2C$qAzdH3FAzdH3Fooo_z&e3Bf5i7_z&e3Bv54AzdH3FwAzdH3Fbbc8b00lm_8d888ln0l | https://img2.baidu.com/it/u=3221502590,2772824255&fm=253&fmt=auto&app=138&f=JPEG?w=500&h=926",
206,风雨楼图,1944,evt_04091,已下载,C:\Users\wu\Desktop\待查作品图片\206_风雨楼图.jpg,"https://img0.baidu.com/it/u=971051414,1113463810&fm=253&fmt=auto&app=138&f=JPEG?w=500&h=1138",百度图片-文汇报,《风雨楼图》 黄宾虹,19,TRUE,TRUE,b2374dc1fe329ac336a4a1235152b2b2a6fdd09e232972dbbed5e2cde62b837f,5,"[19 作品名=False 查询作品名=True 作者=True] 黄宾虹,画品之高,根于人品 | ippr_z2C$qAzdH3FAzdH3Fv7s_z&e3Bf5i7_z&e3Bv54AzdH3FwAzdH3Fbnl0c99b9_8d88d90ab | https://img0.baidu.com/it/u=971051414,1113463810&fm=253&fmt=auto&app=138&f=JPEG?w=500&h=1138","[19 作品名=False 查询作品名=True 作者=True] 西泠印社社藏名家大系 | 黄宾虹卷:冰上鸿飞(一) | ippr_z2C$qAzdH3FAzdH3Fojtk5_z&e3Bv54AzdH3Fppw6ptvsjAzdH3FrAzdH3Ffi5o?t1=dnal9ac80mdbadmlcbm90n | https://img0.baidu.com/it/u=4022622892,2436186666&fm=253&fmt=auto&app=120&f=JPEG?w=500&h=768","[19 作品名=False 查询作品名=True 作者=True] 赏画黄宾虹仙乡缥缈接蓬莱 | ippr_z2C$qAzdH3FAzdH3Fooo_z&e3B8mn_z&e3Bv54AzdH3F1yAzdH3Fw6ptvsjAzdH3FJMbSSEFNac89BaNb_z&e3Bip4s | https://img2.baidu.com/it/u=2919856794,915246798&fm=253&fmt=auto&app=120&f=JPEG?w=500&h=1477",
210,读书楼图,1946,evt_04175,候选下载失败,,"https://img0.baidu.com/it/u=1980568691,2546094386&fm=253&fmt=auto&app=120&f=JPEG?w=500&h=761",百度图片-艺术中国,黄宾虹《读书楼图》,19,TRUE,TRUE,,5,"[19 作品名=False 查询作品名=True 作者=True] 西泠印社社藏名家大系 | 黄宾虹卷:冰上鸿飞(一) | ippr_z2C$qAzdH3FAzdH3Fojtk5_z&e3Bv54AzdH3Fppw6ptvsjAzdH3FrAzdH3Ffi5o?t1=dnal9ac80mdbadmlcbm90n | https://img0.baidu.com/it/u=1980568691,2546094386&fm=253&fmt=auto&app=120&f=JPEG?w=500&h=761","[19 作品名=False 查询作品名=True 作者=True] 黄宾虹:不读万卷书,不行万里路,难以言境界 | ippr_z2C$qAzdH3FAzdH3Fkwt3twiw5_z&e3Bkwt17_z&e3Bv54AzdH3Ff?t1=8b8dc9m9b8c8cb9dmda&ou6=frt1j6&u56=rv | https://img0.baidu.com/it/u=1831333619,2555677971&fm=253&fmt=auto&app=120&f=JPEG?w=500&h=1095","[19 作品名=False 查询作品名=True 作者=True] 西泠印社社藏名家大系 | 黄宾虹卷:冰上鸿飞(一) | ippr_z2C$qAzdH3FAzdH3Fojtk5_z&e3Bv54AzdH3Fppw6ptvsjAzdH3FrAzdH3Ffi5o?t1=dnal9ac80mdbadmlcbm90n | https://img0.baidu.com/it/u=4022622892,2436186666&fm=253&fmt=auto&app=120&f=JPEG?w=500&h=768",百度图片-艺术中国 分数=19: 图片内容与已下载作品重复，已跳过；百度图片-艺术中国 分数=19: 图片内容与已下载作品重复，已跳过；百度图片-艺术中国 分数=19: 图片内容与已下载作品重复，已跳过；百度图片-艺术中国 分数=19: 图片内容与已下载作品重复，已跳过；百度图片-艺术中国 分数=19: 图片内容与已下载作品重复，已跳过
214,挹翠阁图,1946,evt_04232,已下载,C:\Users\wu\Desktop\待查作品图片\214_挹翠阁图.jpg,"https://img2.baidu.com/it/u=2366761848,3389297365&fm=253&fmt=auto&app=138&f=JPEG?w=204&h=499",百度图片-上海博物馆,黄宾虹《挹翠阁图》,22,TRUE,TRUE,67ebe967a0ad6f4131df0b45d878fee817886c20bbfaedb0dd7a0a446a0e0b90,5,"[22 作品名=True 查询作品名=True 作者=True] 黄宾虹 挹翠阁图 设色纸本 立轴105×46cm | ippr_z2C$qAzdH3FAzdH3Fw6pf5wrt9_z&e3Bw6p65g_z&e3BgjpAzdH3Fwqsvstvh9ippr_z&e3Brir?q7j6yt1=8clddaba8a_z&e3B0d8d&5uufjp=8b&rhv51j=m0n9bd&f576vj=gjof_vg&tg1jx=gjof&76s=ippr_z2C$qAzdH3FAzdH3Fw7vpt5g_z&e3Bw6p65g_z&e3BgjpAzdH3Fda8988acAzdH3Fgm0n9bd_z&e3Bip4s | https://img2.baidu.com/it/u=2366761848,3389297365&fm=253&fmt=auto&app=138&f=JPEG?w=204&h=499","[19 作品名=False 查询作品名=True 作者=True] 一屋灯起,万山通明.#国画艺术 #黄宾虹山水 #浙江博物馆 - 抖音 | ippr_z2C$qAzdH3FAzdH3Fooo_z&e3B157ytg_z&e3Bv54AzdH3Fg5pjAzdH3F0caa0b0a0la090dldca | https://img2.baidu.com/it/u=3394385038,4169568072&fm=253&fmt=auto&app=138&f=JPEG?w=800&h=1067","[19 作品名=False 查询作品名=True 作者=True] 黄宾虹 挹翠阁落成志庆图丨中国嘉德拍卖名家字画 | ippr_z2C$qAzdH3FAzdH3Fooo_z&e3Bf5i7_z&e3Bv54AzdH3FwAzdH3F0caln8mc8_8d8d99nb8 | https://img0.baidu.com/it/u=2951168841,4294647912&fm=253&fmt=auto&app=138&f=JPEG?w=500&h=1331",
218,黄山追忆图,1948,evt_04373,已下载,C:\Users\wu\Desktop\待查作品图片\218_黄山追忆图.jpg,"https://img1.baidu.com/it/u=2224227004,858504632&fm=253&fmt=auto&app=120&f=JPEG?w=500&h=966",百度图片-西泠印社拍卖,黄宾虹 黄山追忆图 画,19,TRUE,TRUE,ccf65dd94fb018233f30f0dbf40b93e52d116c1023ae4f287953e7ca166feca6,5,"[19 作品名=False 查询作品名=True 作者=True] 画家黄宾虹笔下的黄山美景 | ippr_z2C$qAzdH3FAzdH3Fv3_z&e3Bftgw_z&e3Bv54_z&e3BvgAzdH3Fw6ptvsjfAzdH3FetjoAzdH3Fma0ncdcllaAzdH3Fr8mwadwmjmad0a8utnl | https://img1.baidu.com/it/u=2224227004,858504632&fm=253&fmt=auto&app=120&f=JPEG?w=500&h=966","[19 作品名=False 查询作品名=True 作者=True] 黄宾虹的黄山精神之旅:从夜山静谧到永恒艺术 | ippr_z2C$qAzdH3FAzdH3Fkwt3twiw5_z&e3Bkwt17_z&e3Bv54AzdH3Ff?t1=8bnlncmn0nd9b88c08l&ou6=frt1j6&u56=rv | https://img0.baidu.com/it/u=489813142,1409570431&fm=253&fmt=auto&app=138&f=JPEG?w=500&h=1472","[19 作品名=False 查询作品名=True 作者=True] 画家黄宾虹笔下的黄山美景 | ippr_z2C$qAzdH3FAzdH3Fv3_z&e3Bftgw_z&e3Bv54_z&e3BvgAzdH3Fw6ptvsjfAzdH3FetjoAzdH3Fma0ncdcllaAzdH3Fr8mwadwmjmad0a8utnl | https://img2.baidu.com/it/u=12085985,44695823&fm=253&fmt=auto&app=120&f=JPEG?w=500&h=952",
222,送米图卷,1948,evt_04407,已下载,C:\Users\wu\Desktop\待查作品图片\222_送米图卷.jpg,"https://img2.baidu.com/it/u=3916266663,753758302&fm=253&fmt=auto&app=138&f=JPEG?w=800&h=2230",百度图片-澎湃艺术,黄宾虹《送米图卷》,19,TRUE,TRUE,bfbe8b9019684b3047123f64b853bad7248fcb412bc81b49bfd94ee05f42085a,5,"[19 作品名=False 查询作品名=True 作者=True] 黄宾虹画作精选:13幅名画欣赏 | ippr_z2C$qAzdH3FAzdH3F4k1_z&e3Bkwt17_z&e3Bv54AzdH3Fgjofrw2jAzdH3F1wpwAzdH3F1pswg1tg2f7rj6?gt1=1p_nlca9db0dml0bddclnb | https://img2.baidu.com/it/u=3820920448,4207814388&fm=253&fmt=auto&app=138&f=JPEG?w=500&h=653","[19 作品名=False 查询作品名=True 作者=True] 西泠印社社藏名家大系 | 黄宾虹卷:冰上鸿飞(一) | ippr_z2C$qAzdH3FAzdH3Fojtk5_z&e3Bv54AzdH3Fppw6ptvsjAzdH3FrAzdH3Ffi5o?t1=dnal9ac80mdbadmlcbm90n | https://img0.baidu.com/it/u=1980568691,2546094386&fm=253&fmt=auto&app=120&f=JPEG?w=500&h=761","[19 作品名=False 查询作品名=True 作者=True] 黄宾虹是一位著名的中国画家,他的作品深受人们的喜爱 - 抖音 | ippr_z2C$qAzdH3FAzdH3Fooo_z&e3B157ytg_z&e3Bv54AzdH3Fg5pjAzdH3F0nmnl09999bad9880l8 | https://img2.baidu.com/it/u=3916266663,753758302&fm=253&fmt=auto&app=138&f=JPEG?w=800&h=2230",
226,水仙梅花图,1948,evt_04437,已下载,C:\Users\wu\Desktop\待查作品图片\226_水仙梅花图.jpg,"https://img1.baidu.com/it/u=868940177,2647698774&fm=253&fmt=auto&app=138&f=JPEG?w=465&h=1327",百度图片-朵云轩,黄宾虹 水仙梅花图 画,19,TRUE,TRUE,1523f34983092b60587671568e0d96d91c85c725c636af4c8fcd8b9cd23bad43,5,"[19 作品名=False 查询作品名=True 作者=True] 黄宾虹写梅,绚烂而有骨力 | ippr_z2C$qAzdH3FAzdH3Fgjof_z&e3Bf5i7_z&e3Bv54AzdH3FwAzdH3Fbml909c0b_8d88d90na | https://img1.baidu.com/it/u=1020414147,44363224&fm=253&fmt=auto&app=138&f=JPEG?w=500&h=675","[19 作品名=False 查询作品名=True 作者=True] 黄宾虹的花卉清雅芬芳 | ippr_z2C$qAzdH3FAzdH3Fooo_z&e3Bf5i7_z&e3Bv54AzdH3FwAzdH3F0lndcbn8c_8d88d908l | https://img1.baidu.com/it/u=868940177,2647698774&fm=253&fmt=auto&app=138&f=JPEG?w=465&h=1327","[19 作品名=False 查询作品名=True 作者=True] 黄宾虹写梅,绚烂而有骨力 | ippr_z2C$qAzdH3FAzdH3Fgjof_z&e3Bf5i7_z&e3Bv54AzdH3FwAzdH3Fbbac08n0n_8d88d9088 | https://img0.baidu.com/it/u=2800632985,1252710604&fm=253&fmt=auto&app=138&f=JPEG?w=500&h=1349",
230,梅竹双清图,1949,evt_04544,已下载,C:\Users\wu\Desktop\待查作品图片\230_梅竹双清图.jpg,"https://img2.baidu.com/it/u=1114732577,2587756413&fm=253&fmt=auto&app=138&f=JPEG?w=500&h=653",百度图片-雅昌画廊,《梅竹双清图》 黄宾虹,19,TRUE,TRUE,e9f03f210232ee4a430a64d52af8d5aafdc5bb7267c806512103aee24fbf6062,5,"[19 作品名=False 查询作品名=True 作者=True] 黄宾虹:雨中竹子绘成烟花的浪漫大师 | ippr_z2C$qAzdH3FAzdH3F4k1_z&e3Bkwt17_z&e3Bv54AzdH3Fgjofrw2jAzdH3F1wpwAzdH3F1pswg1tg2f7rj6?gt1=1p_9c8cdl080008ml8andc | https://img2.baidu.com/it/u=1114732577,2587756413&fm=253&fmt=auto&app=138&f=JPEG?w=500&h=653","[19 作品名=False 查询作品名=True 作者=True] 黄宾虹梅竹杂卉中的笔墨世界 | ippr_z2C$qAzdH3FAzdH3Fooo_z&e3Bf5i7_z&e3Bv54AzdH3FwAzdH3Fbdl8998cm_8d88d9m9d | https://img1.baidu.com/it/u=2968553189,749284204&fm=253&fmt=auto&app=138&f=JPEG?w=500&h=708","[19 作品名=False 查询作品名=True 作者=True] 黄宾虹梅竹杂卉中的笔墨世界 | ippr_z2C$qAzdH3FAzdH3Fooo_z&e3Bfi7i7wmm_z&e3Bv54AzdH3Ffrwvj-9bmm-15-ks52-t1-m90da_z&e3Bip4s | https://img1.baidu.com/it/u=2501960300,1073991255&fm=253&fmt=auto&app=138&f=JPEG?w=580&h=500",
234,月轮楼校词图,1949,evt_04608,已下载,C:\Users\wu\Desktop\待查作品图片\234_月轮楼校词图.jpg,"https://img0.baidu.com/it/u=2984933974,3551071202&fm=253&fmt=auto&app=138&f=JPEG?w=500&h=651",百度图片-上海博物馆,黄宾虹《月轮楼校词图》,14,TRUE,TRUE,c15f9b1564554026c0cf59fb834eafc9098cc0c88561b3dfea383b3491abec4e,4,"[14 作品名=False 查询作品名=True 作者=False] 《蝶恋花》词牌名下的经典之作 | ippr_z2C$qAzdH3FAzdH3F4k1_z&e3Bkwt17_z&e3Bv54AzdH3Fgjofrw2jAzdH3F1wpwAzdH3F1pswg1tg2f7rj6?gt1=1p_cn08a9nlanbada8llb9 | https://img0.baidu.com/it/u=2984933974,3551071202&fm=253&fmt=auto&app=138&f=JPEG?w=500&h=651","[14 作品名=False 查询作品名=True 作者=False] 红藕香残玉簟秋,轻解罗裳,独上兰舟.云中谁寄锦 - 抖音 | ippr_z2C$qAzdH3FAzdH3Fooo_z&e3B157ytg_z&e3Bv54AzdH3Fg5pjAzdH3F09l0blm99dd0m8b099n | https://img1.baidu.com/it/u=2862263001,522031741&fm=253&fmt=auto&app=138&f=JPEG?w=800&h=1522","[14 作品名=False 查询作品名=True 作者=False] 二次元新鲜事 | ippr_z2C$qAzdH3FAzdH3Fojtk5_z&e3Bv54AzdH3F0cdbc0lnadAzdH3FO4nHcDDXU | https://img0.baidu.com/it/u=2347701258,1485393278&fm=253&fmt=auto&app=120&f=JPEG?w=500&h=667",
238,晓望图,1950,evt_04646,已下载,C:\Users\wu\Desktop\待查作品图片\238_晓望图.jpg,"https://img2.baidu.com/it/u=3637373126,3741437549&fm=253&fmt=auto&app=138&f=JPEG?w=500&h=3780",百度图片-荣宝斋,黄宾虹《晓望图》,19,TRUE,TRUE,40f509af3fb638a8196c2a7e1eb01e04c4816467d531059cd2d19d3846840fac,5,"[19 作品名=False 查询作品名=True 作者=True] 西泠印社社藏名家大系 | 黄宾虹卷:冰上鸿飞(一) | ippr_z2C$qAzdH3FAzdH3Fojtk5_z&e3Bv54AzdH3Fppw6ptvsjAzdH3FrAzdH3Ffi5o?t1=dnal9ac80mdbadmlcbm90n | https://img0.baidu.com/it/u=1980568691,2546094386&fm=253&fmt=auto&app=120&f=JPEG?w=500&h=761","[19 作品名=False 查询作品名=True 作者=True] 黄宾虹是一位著名的中国画家,他的作品深受人们的喜爱 - 抖音 | ippr_z2C$qAzdH3FAzdH3Fooo_z&e3B157ytg_z&e3Bv54AzdH3Fg5pjAzdH3F0nmnl09999bad9880l8 | https://img2.baidu.com/it/u=3916266663,753758302&fm=253&fmt=auto&app=138&f=JPEG?w=800&h=2230","[19 作品名=False 查询作品名=True 作者=True] 西泠印社社藏名家大系 | 黄宾虹卷:冰上鸿飞(一) | ippr_z2C$qAzdH3FAzdH3Fojtk5_z&e3Bv54AzdH3Fppw6ptvsjAzdH3FrAzdH3Ffi5o?t1=dnal9ac80mdbadmlcbm90n | https://img1.baidu.com/it/u=1700189879,440458557&fm=253&fmt=auto&app=120&f=JPEG?w=500&h=764",
242,湖山爽气图,1951,evt_04772,已下载,C:\Users\wu\Desktop\待查作品图片\242_湖山爽气图.jpg,"https://img2.baidu.com/it/u=657510709,2256078112&fm=253&fmt=auto&app=120&f=JPEG?w=500&h=1166",百度图片-人民网书画,黄宾虹 湖山爽气图,19,TRUE,TRUE,f9acfe3184b0d42a419d569a7e57a24ecac18f4ecbf02a463c48a1ae740f7155,5,"[19 作品名=False 查询作品名=True 作者=True] 黄宾虹 山水 纸本立轴 画芯尺寸:138*35cm(9595 - 抖音 | ippr_z2C$qAzdH3FAzdH3Fooo_z&e3B157ytg_z&e3Bv54AzdH3Fg5pjAzdH3F09blda098ndc99l89cc | https://img1.baidu.com/it/u=880967168,3686805236&fm=253&fmt=auto&app=138&f=JPEG?w=800&h=1067","[19 作品名=False 查询作品名=True 作者=True] 自然是活勉强即死黄宾虹先生逝世70周年 | ippr_z2C$qAzdH3FAzdH3Fv7s_z&e3Bf5i7_z&e3Bv54AzdH3FwAzdH3Fbmnncbcdd_8dad08bad | https://img0.baidu.com/it/u=1909866108,3106261465&fm=253&fmt=auto&app=138&f=JPEG?w=500&h=697","[19 作品名=False 查询作品名=True 作者=True] 赏画 | 黄宾虹《平湖泛舟》 | ippr_z2C$qAzdH3FAzdH3Fooo_z&e3B8mn_z&e3Bv54AzdH3F1yAzdH3Fw6ptvsjAzdH3FJOPONLClac89BaNb_z&e3Bip4s | https://img2.baidu.com/it/u=657510709,2256078112&fm=253&fmt=auto&app=120&f=JPEG?w=500&h=1166",
246,〈黄宾虹题跋选〉序,1952,evt_04840,已下载,C:\Users\wu\Desktop\待查作品图片\246_〈黄宾虹题跋选〉序.jpg,"https://img1.baidu.com/it/u=2628638138,1271477706&fm=253&fmt=auto&app=120&f=JPEG?w=800&h=1086",百度图片-台北故宫,黄宾虹《〈黄宾虹题跋选〉序》,19,TRUE,TRUE,291e01a62ca75911f90e1aec6a8411ef1b813b6b2a4bdc0420f0b6715a2ea2e7,5,"[19 作品名=False 查询作品名=True 作者=True] 荣宝斋珍藏绘画题跋·黄宾虹 | ippr_z2C$qAzdH3FAzdH3Fuwgqtjg5ejs_z&e3Bv54AzdH3Fhjyo561AzdH3F9dl9mba | https://img1.baidu.com/it/u=2628638138,1271477706&fm=253&fmt=auto&app=120&f=JPEG?w=800&h=1086","[19 作品名=False 查询作品名=True 作者=True] 黄宾虹 | ippr_z2C$qAzdH3FAzdH3Fv7s_z&e3Bf5i7_z&e3Bv54AzdH3FwAzdH3Flabcl9aab_8d88d908a | https://img0.baidu.com/it/u=2838136277,449318272&fm=253&fmt=auto&app=138&f=JPEG?w=500&h=1393","[19 作品名=False 查询作品名=True 作者=True] 🎨黄宾虹画作鉴定:真迹还是仿品? | ippr_z2C$qAzdH3FAzdH3F4k1_z&e3Bkwt17_z&e3Bv54AzdH3Fgjofrw2jAzdH3F1wpwAzdH3F1pswg1tg2f7rj6?gt1=1p_c0aa0mmc8808nlmbl9d | https://img2.baidu.com/it/u=2802537509,3618694877&fm=253&fmt=auto&app=138&f=JPEG?w=500&h=646",
250,李可染研究,1954,evt_04981,已下载,C:\Users\wu\Desktop\待查作品图片\250_李可染研究.jpg,"https://img0.baidu.com/it/u=589318791,637281308&fm=253&fmt=auto&app=138&f=JPEG?w=531&h=500",百度图片-新浪收藏,黄宾虹 李可染研究,19,TRUE,TRUE,fb9ec23902840ecb33550a1a7a17249f325440d5fd398139743c81cbc1dccb09,5,"[19 作品名=False 查询作品名=True 作者=True] 歙县探寻黄宾虹故居 | ippr_z2C$qAzdH3FAzdH3Fooo_z&e3B4jtrtwg_z&e3BvgAzdH3Ftmpq32s?u654=vwsswrr | https://img2.baidu.com/it/u=4123108203,2652576167&fm=253&fmt=auto&app=138&f=JPEG?w=500&h=823","[19 作品名=False 查询作品名=True 作者=True] 黄宾虹的绘画艺术 | ippr_z2C$qAzdH3FAzdH3Fooo_z&e3Bf5i7_z&e3Bv54AzdH3FwAzdH3F0lmmbmcnm_8d88dnb9b | https://img0.baidu.com/it/u=589318791,637281308&fm=253&fmt=auto&app=138&f=JPEG?w=531&h=500","[19 作品名=False 查询作品名=True 作者=True] 黄宾虹:鉴画如看美人,不看外表看风骨! | ippr_z2C$qAzdH3FAzdH3Fooo_z&e3Bf5i7_z&e3Bv54AzdH3FwAzdH3Flcad00l09_8d88d9088 | https://img0.baidu.com/it/u=1577965840,3633682136&fm=253&fmt=auto&app=120&f=JPEG?w=607&h=441",
253,上海书画研究会简章,1910,evt_00600,已下载,C:\Users\wu\Desktop\待查作品图片\253_上海书画研究会简章.jpg,"https://img2.baidu.com/it/u=2802537509,3618694877&fm=253&fmt=auto&app=138&f=JPEG?w=500&h=646",百度图片-荣宝斋,黄宾虹 上海书画研究会简章,19,TRUE,TRUE,f12f3a0ff266c4c358ad0137fb3adc4e564b323aba1ed8fc1307e1bddb89ace5,5,"[19 作品名=False 查询作品名=True 作者=True] 🎨黄宾虹画作鉴定:真迹还是仿品? | ippr_z2C$qAzdH3FAzdH3F4k1_z&e3Bkwt17_z&e3Bv54AzdH3Fgjofrw2jAzdH3F1wpwAzdH3F1pswg1tg2f7rj6?gt1=1p_c0aa0mmc8808nlmbl9d | https://img2.baidu.com/it/u=2802537509,3618694877&fm=253&fmt=auto&app=138&f=JPEG?w=500&h=646","[19 作品名=False 查询作品名=True 作者=True] 国画大师黄宾虹篆书对联欣赏【六】 | ippr_z2C$qAzdH3FAzdH3F4k1_z&e3Bkwt17_z&e3Bv54AzdH3Fgjofrw2jAzdH3F1wpwAzdH3F1pswg1tg2f7rj6?gt1=1p_9m8b8ndddb9dllnbmcm | https://img0.baidu.com/it/u=4143177616,879593809&fm=253&fmt=auto&app=138&f=JPEG?w=500&h=1063","[19 作品名=False 查询作品名=True 作者=True] 国画大师黄宾虹篆书对联欣赏【五】 | ippr_z2C$qAzdH3FAzdH3F4k1_z&e3Bkwt17_z&e3Bv54AzdH3Fgjofrw2jAzdH3F1wpwAzdH3F1pswg1tg2f7rj6?gt1=1p_99b8lb9a88dcn9aldb9 | https://img1.baidu.com/it/u=1841690717,980021629&fm=253&fmt=auto&app=138&f=JPEG?w=500&h=1016",
257,艺乘书画展览会,1930,,候选下载失败,,"https://img1.baidu.com/it/u=3585848833,3082457150&fm=253&fmt=auto&app=138&f=JPEG?w=800&h=1156",百度图片-维基中文,《艺乘书画展览会》 黄宾虹,19,TRUE,TRUE,,5,"[19 作品名=False 查询作品名=True 作者=True] 《黄宾虹》100x68cm(现有作品) - 抖音 | ippr_z2C$qAzdH3FAzdH3Fooo_z&e3B157ytg_z&e3Bv54AzdH3Fg5pjAzdH3F0calal0clb8ld0mmdn9 | https://img1.baidu.com/it/u=3585848833,3082457150&fm=253&fmt=auto&app=138&f=JPEG?w=800&h=1156","[19 作品名=False 查询作品名=True 作者=True] 黄宾虹山水华滋花鸟欢快,赏心悦目!#文人画 #黄 - 抖音 | ippr_z2C$qAzdH3FAzdH3Fooo_z&e3B157ytg_z&e3Bv54AzdH3Fg5pjAzdH3F0c8acacaldb00l9m89l | https://img0.baidu.com/it/u=4070943975,2256501838&fm=253&fmt=auto&app=138&f=JPEG?w=800&h=1067","[19 作品名=False 查询作品名=True 作者=True] 杭州看展必去:黄宾虹书画艺术展 | ippr_z2C$qAzdH3FAzdH3F4k1_z&e3Bkwt17_z&e3Bv54AzdH3Fgjofrw2jAzdH3F1wpwAzdH3F1pswg1tg2f7rj6?gt1=1p_990nm8nmcd0aa88ma8m | https://img1.baidu.com/it/u=3188633249,4259433593&fm=253&fmt=auto&app=120&f=JPEG?w=800&h=1054",百度图片-维基中文 分数=19: 图片内容与已下载作品重复，已跳过；百度图片-维基中文 分数=19: 图片内容与已下载作品重复，已跳过；百度图片-维基中文 分数=19: 图片内容与已下载作品重复，已跳过；百度图片-维基中文 分数=19: 图片内容与已下载作品重复，已跳过；百度图片-维基中文 分数=19: 图片内容与已下载作品重复，已跳过
261,市博物馆各方赠送陈列品踊跃,1936,evt_03331,已下载,C:\Users\wu\Desktop\待查作品图片\261_市博物馆各方赠送陈列品踊跃.jpg,"https://img0.baidu.com/it/u=635110041,51075162&fm=253&fmt=auto&app=138&f=JPEG?w=800&h=1067",百度图片-新浪收藏,黄宾虹《市博物馆各方赠送陈列品踊跃》,19,TRUE,TRUE,2d983bf1b7b64ccf7d2f932d3d940d21b4712a4375deb3f2cfed66247fac7024,5,"[19 作品名=False 查询作品名=True 作者=True] 📜黄宾虹与马一浮的珍贵信札诗稿集 | ippr_z2C$qAzdH3FAzdH3F4k1_z&e3Bkwt17_z&e3Bv54AzdH3Fgjofrw2jAzdH3F1wpwAzdH3F1pswg1tg2f7rj6?gt1=1p_nnbdnaanmcc00a90mdl | https://img2.baidu.com/it/u=4111361670,1442889537&fm=253&fmt=auto&app=120&f=JPEG?w=978&h=800","[19 作品名=False 查询作品名=True 作者=True] 一代书画大师黄宾虹先生五言精品对联欣赏交#无尽藏品 - 抖音 | ippr_z2C$qAzdH3FAzdH3Fooo_z&e3B157ytg_z&e3Bv54AzdH3Fg5pjAzdH3F0cadmn0bcna00n8a090 | https://img0.baidu.com/it/u=635110041,51075162&fm=253&fmt=auto&app=138&f=JPEG?w=800&h=1067","[19 作品名=False 查询作品名=True 作者=True] 书法大会:上海博物馆东馆展览黄宾虹篆书对联 | ippr_z2C$qAzdH3FAzdH3Fgjof_z&e3Bf5i7_z&e3Bv54AzdH3FwAzdH3Flnam9a9lm_9lnmdm | https://img2.baidu.com/it/u=1790835116,2583954907&fm=253&fmt=auto&app=120&f=JPEG?w=500&h=706",
265,气韵,1944,evt_04078,已下载,C:\Users\wu\Desktop\待查作品图片\265_气韵.jpg,"https://img1.baidu.com/it/u=3371109348,335280371&fm=253&fmt=auto&app=138&f=JPEG?w=500&h=1299",百度图片-孔夫子旧书网,黄宾虹《气韵》,19,TRUE,TRUE,8e5c0e5bc6c5c30c92dc61e1a68ae3aafa3fee4b420e394c0bffaf14dea29422,5,"[19 作品名=False 查询作品名=True 作者=True] 黄宾虹绘画中的墨色,墨气,墨韵 | ippr_z2C$qAzdH3FAzdH3Fgjof_z&e3Bf5i7_z&e3Bv54AzdH3FwAzdH3Fld88nmbma_8d88d90nn | https://img1.baidu.com/it/u=3371109348,335280371&fm=253&fmt=auto&app=138&f=JPEG?w=500&h=1299","[19 作品名=False 查询作品名=True 作者=True] 黄宾虹:不读万卷书,不行万里路,难以言境界 | ippr_z2C$qAzdH3FAzdH3Fkwt3twiw5_z&e3Bkwt17_z&e3Bv54AzdH3Ff?t1=8b8dc9m9b8c8cb9dmda&ou6=frt1j6&u56=rv | https://img0.baidu.com/it/u=1831333619,2555677971&fm=253&fmt=auto&app=120&f=JPEG?w=500&h=1095","[19 作品名=False 查询作品名=True 作者=True] 黄宾虹的山水画,干笔淡墨,疏淡清逸,空灵古雄 | ippr_z2C$qAzdH3FAzdH3Fv7s_z&e3Bf5i7_z&e3Bv54AzdH3FwAzdH3Flda00nbm0_8d88d90nn | https://img0.baidu.com/it/u=1070527013,2428674682&fm=253&fmt=auto&app=138&f=JPEG?w=500&h=923",
267,字诂,1874,evt_00078,已下载,C:\Users\wu\Desktop\待查作品图片\267_字诂.jpg,"https://img1.baidu.com/it/u=763915927,1216997666&fm=253&fmt=auto&app=138&f=JPEG?w=500&h=1063",百度图片-澎湃艺术,《字诂》 黄宾虹,19,TRUE,TRUE,135f66708f6ad3b6642e68c1a74db5f9cd033e90f4659bbebffbeebb0fa273f1,5,"[19 作品名=False 查询作品名=True 作者=True] 黄宾虹 | ippr_z2C$qAzdH3FAzdH3Fgjof_z&e3Bf5i7_z&e3Bv54AzdH3FwAzdH3Flabcl9aab_8d88d908a | https://img1.baidu.com/it/u=763915927,1216997666&fm=253&fmt=auto&app=138&f=JPEG?w=500&h=1063","[19 作品名=False 查询作品名=True 作者=True] 黄宾虹金文书法欣赏 | ippr_z2C$qAzdH3FAzdH3Fv7s_z&e3Bf5i7_z&e3Bv54AzdH3FwAzdH3Fb0a8b80n0_8d88d908a | https://img0.baidu.com/it/u=2956436333,3685550139&fm=253&fmt=auto&app=120&f=JPEG?w=500&h=1372","[19 作品名=False 查询作品名=True 作者=True] 黄宾虹 | ippr_z2C$qAzdH3FAzdH3Fv7s_z&e3Bf5i7_z&e3Bv54AzdH3FwAzdH3Flabcl9aab_8d88d908a | https://img0.baidu.com/it/u=2838136277,449318272&fm=253&fmt=auto&app=138&f=JPEG?w=500&h=1393",
271,建康实录,1888,,已下载,C:\Users\wu\Desktop\待查作品图片\271_建康实录.jpg,"https://img0.baidu.com/it/u=2022937184,1845567847&fm=253&fmt=auto&app=138&f=JPEG?w=349&h=500",百度图片-北京翰海,《建康实录》 黄宾虹,19,TRUE,TRUE,76a8bbcae60494803a5dc584c97b6b391c0b9d54b146e01fbd472695c4068bb3,5,"[19 作品名=False 查询作品名=True 作者=True] 《黄宾虹》100x68cm(现有作品) - 抖音 | ippr_z2C$qAzdH3FAzdH3Fooo_z&e3B157ytg_z&e3Bv54AzdH3Fg5pjAzdH3F0calal0clb8ld0mmdn9 | https://img1.baidu.com/it/u=3585848833,3082457150&fm=253&fmt=auto&app=138&f=JPEG?w=800&h=1156","[19 作品名=False 查询作品名=True 作者=True] 歙县探寻黄宾虹故居 | ippr_z2C$qAzdH3FAzdH3Fooo_z&e3B4jtrtwg_z&e3BvgAzdH3Ftmpq32s?u654=vwsswrr | https://img2.baidu.com/it/u=4123108203,2652576167&fm=253&fmt=auto&app=138&f=JPEG?w=500&h=823","[19 作品名=False 查询作品名=True 作者=True] 黄宾虹 | ippr_z2C$qAzdH3FAzdH3Fkjtwg_z&e3Bw6p65g_z&e3BgjpAzdH3Fo56hfAzdH3F80dn8l | https://img0.baidu.com/it/u=2022937184,1845567847&fm=253&fmt=auto&app=138&f=JPEG?w=349&h=500",
275,荔支湾送别图,1909,evt_00539,已下载,C:\Users\wu\Desktop\待查作品图片\275_荔支湾送别图.jpg,"https://img1.baidu.com/it/u=2918093888,1591134942&fm=253&fmt=auto&app=138&f=JPEG?w=500&h=935",百度图片-博宝艺术网,黄宾虹《荔支湾送别图》,19,TRUE,TRUE,bfc8fc105eb04b253428c58ae1dc5374bc84a8c2bc2d2b31d4c1972e85796610,5,"[19 作品名=False 查询作品名=True 作者=True] 黄宾虹:古典主义的永恒传奇 🎨 | ippr_z2C$qAzdH3FAzdH3F4k1_z&e3Bkwt17_z&e3Bv54AzdH3Fgjofrw2jAzdH3F1wpwAzdH3F1pswg1tg2f7rj6?gt1=1p_9mlmm0manamd0mc00c0 | https://img0.baidu.com/it/u=4127081860,732487425&fm=253&fmt=auto&app=138&f=JPEG?w=500&h=656","[19 作品名=False 查询作品名=True 作者=True]  p>该作品为黄宾虹先生80岁以后的精品力作,现由湖北美术学院收藏. | ippr_z2C$qAzdH3FAzdH3Fkwthj_z&e3Bkwt17_z&e3Bv54AzdH3Ftpj4AzdH3F%E9%Bb%BA%Ec%b0%A9%Em%B8%Aa%Ec%bc%bb%E0%l9%lF%E9%BD%lC%Ec%B8%B8%Em%Ba%B9%Ec%lB%lB%Em%lD%A8%Ec%B8%bFAzdH3Fma090cac | https://img1.baidu.com/it/u=2918093888,1591134942&fm=253&fmt=auto&app=138&f=JPEG?w=500&h=935","[19 作品名=False 查询作品名=True 作者=True]  p>该作品为黄宾虹先生80岁以后的精品力作,现由湖北美术学院收藏. | ippr_z2C$qAzdH3FAzdH3Fkwthj_z&e3Bkwt17_z&e3Bv54AzdH3Ftpj4AzdH3F%E9%Bb%BA%Ec%b0%A9%Em%B8%Aa%Ec%bc%bb%E0%l9%lF%E9%BD%lC%Ec%B8%B8%Em%Ba%B9%Ec%lB%lB%Em%lD%A8%Ec%B8%bFAzdH3Fma090cac | https://img0.baidu.com/it/u=2222564770,2699130448&fm=253&fmt=auto&app=138&f=JPEG?w=500&h=741",
279,文艺批评·滨虹印谱,1912,evt_00819,已下载,C:\Users\wu\Desktop\待查作品图片\279_文艺批评·滨虹印谱.jpg,"https://img2.baidu.com/it/u=191100314,3062343646&fm=253&fmt=auto&app=138&f=JPEG?w=800&h=1737",百度图片-荣宝斋,《文艺批评·滨虹印谱》 黄宾虹,19,TRUE,TRUE,b5bdc7b83768f5923e6bb0e6466b61db0baa0253b5d730f69e7c15620e3d98b0,5,"[19 作品名=False 查询作品名=True 作者=True] 黄宾虹八十八岁高龄篆书作品欣赏 | ippr_z2C$qAzdH3FAzdH3F4k1_z&e3Bkwt17_z&e3Bv54AzdH3Fgjofrw2jAzdH3F1wpwAzdH3F1pswg1tg2f7rj6?gt1=1p_9b0m8lab98nllddd0c9 | https://img1.baidu.com/it/u=2324217739,2830546507&fm=253&fmt=auto&app=138&f=JPEG?w=500&h=880","[19 作品名=False 查询作品名=True 作者=True] 🎨黄宾虹画作鉴定:真迹还是仿品? | ippr_z2C$qAzdH3FAzdH3F4k1_z&e3Bkwt17_z&e3Bv54AzdH3Fgjofrw2jAzdH3F1wpwAzdH3F1pswg1tg2f7rj6?gt1=1p_c0aa0mmc8808nlmbl9d | https://img2.baidu.com/it/u=2802537509,3618694877&fm=253&fmt=auto&app=138&f=JPEG?w=500&h=646","[19 作品名=False 查询作品名=True 作者=True] 国画大师黄宾虹篆书对联欣赏【六】 | ippr_z2C$qAzdH3FAzdH3F4k1_z&e3Bkwt17_z&e3Bv54AzdH3Fgjofrw2jAzdH3F1wpwAzdH3F1pswg1tg2f7rj6?gt1=1p_9m8b8ndddb9dllnbmcm | https://img0.baidu.com/it/u=4143177616,879593809&fm=253&fmt=auto&app=138&f=JPEG?w=500&h=1063",
283,秦汉丁氏印谱序,1916,evt_01020,已下载,C:\Users\wu\Desktop\待查作品图片\283_秦汉丁氏印谱序.jpg,"https://img2.baidu.com/it/u=379944322,2526467454&fm=253&fmt=auto&app=120&f=JPEG?w=500&h=550",百度图片-上海博物馆,黄宾虹《秦汉丁氏印谱序》,19,TRUE,TRUE,de8a5ff46025c78edb01dad39d65a00e9c9cbbffb8b85f8f495e43a3199b25ce,5,"[19 作品名=False 查询作品名=True 作者=True] 黄宾虹八十八岁高龄篆书作品欣赏 | ippr_z2C$qAzdH3FAzdH3F4k1_z&e3Bkwt17_z&e3Bv54AzdH3Fgjofrw2jAzdH3F1wpwAzdH3F1pswg1tg2f7rj6?gt1=1p_9b0m8lab98nllddd0c9 | https://img1.baidu.com/it/u=2324217739,2830546507&fm=253&fmt=auto&app=138&f=JPEG?w=500&h=880","[19 作品名=False 查询作品名=True 作者=True] 国画大师黄宾虹篆书对联欣赏【六】 | ippr_z2C$qAzdH3FAzdH3F4k1_z&e3Bkwt17_z&e3Bv54AzdH3Fgjofrw2jAzdH3F1wpwAzdH3F1pswg1tg2f7rj6?gt1=1p_9m8b8ndddb9dllnbmcm | https://img0.baidu.com/it/u=4143177616,879593809&fm=253&fmt=auto&app=138&f=JPEG?w=500&h=1063","[19 作品名=False 查询作品名=True 作者=True] 却顾所来径一黄宾虹家珍 | ippr_z2C$qAzdH3FAzdH3Fkwt3twiw5_z&e3Bkwt17_z&e3Bv54AzdH3Ff?t1=8b9b8bcammnaalb88ab&ou6=frt1j6&u56=rv | https://img2.baidu.com/it/u=379944322,2526467454&fm=253&fmt=auto&app=120&f=JPEG?w=500&h=550",
287,士一居印谱,1918,,已下载,C:\Users\wu\Desktop\待查作品图片\287_士一居印谱.jpg,"https://img0.baidu.com/it/u=433574045,1858528596&fm=253&fmt=auto&app=138&f=JPEG?w=800&h=1067",百度图片-台北故宫,黄宾虹《士一居印谱》,19,TRUE,TRUE,7a7f072de107e530fa072b075c6a595b6cabec61754741a9b312a8abe0ccac41,5,"[19 作品名=False 查询作品名=True 作者=True] 🎨黄宾虹画作鉴定:真迹还是仿品? | ippr_z2C$qAzdH3FAzdH3F4k1_z&e3Bkwt17_z&e3Bv54AzdH3Fgjofrw2jAzdH3F1wpwAzdH3F1pswg1tg2f7rj6?gt1=1p_c0aa0mmc8808nlmbl9d | https://img2.baidu.com/it/u=2802537509,3618694877&fm=253&fmt=auto&app=138&f=JPEG?w=500&h=646","[19 作品名=False 查询作品名=True 作者=True] 黄宾虹作品鉴定真迹精品无疑. #感受国画的 - 抖音 | ippr_z2C$qAzdH3FAzdH3Fooo_z&e3B157ytg_z&e3Bv54AzdH3Fg5pjAzdH3F0n9m98bbc8lnb88a0na | https://img0.baidu.com/it/u=433574045,1858528596&fm=253&fmt=auto&app=138&f=JPEG?w=800&h=1067","[19 作品名=False 查询作品名=True 作者=True] 黄宾虹作品鉴定.真迹精品无疑. - 抖音 | ippr_z2C$qAzdH3FAzdH3Fooo_z&e3B157ytg_z&e3Bv54AzdH3Fg5pjAzdH3F0d0bmad0dmabl9dbdb8 | https://img2.baidu.com/it/u=981214116,2044155706&fm=253&fmt=auto&app=138&f=JPEG?w=608&h=810",
291,华国,1923,evt_01379,已下载,C:\Users\wu\Desktop\待查作品图片\291_华国.jpg,"https://img0.baidu.com/it/u=1405009594,2019774843&fm=253&fmt=auto&app=138&f=JPEG?w=800&h=1529",百度图片-维基中文,《华国》 黄宾虹,19,TRUE,TRUE,a7b46859db20551164d416499ad8ce4f58ed9bf54bf6fd0a37b473bcea8bc473,5,"[19 作品名=False 查询作品名=True 作者=True] 《黄宾虹》100x68cm(现有作品) - 抖音 | ippr_z2C$qAzdH3FAzdH3Fooo_z&e3B157ytg_z&e3Bv54AzdH3Fg5pjAzdH3F0calal0clb8ld0mmdn9 | https://img1.baidu.com/it/u=3585848833,3082457150&fm=253&fmt=auto&app=138&f=JPEG?w=800&h=1156","[19 作品名=False 查询作品名=True 作者=True] 赵建成作品《黄宾虹》  69x69cm .赵建成作品《黄宾虹 - 抖音 | ippr_z2C$qAzdH3FAzdH3Fooo_z&e3B157ytg_z&e3Bv54AzdH3Fg5pjAzdH3F0d98cnan9dm89cadmbl | https://img0.baidu.com/it/u=1405009594,2019774843&fm=253&fmt=auto&app=138&f=JPEG?w=800&h=1529","[19 作品名=False 查询作品名=True 作者=True] 靳尚谊 《晚年黄宾虹》115×99cm 布面油画 1996年 | ippr_z2C$qAzdH3FAzdH3Futgwgvj_z&e3Bftgw_z&e3Bv54_z&e3BvgAzdH3F33xoAzdH3Fdadc-al-8lAzdH3F15v-tguqyphpb8naa88_z&e3Bfip4s | https://img0.baidu.com/it/u=2945012941,1520718902&fm=253&fmt=auto&app=120&f=JPEG?w=800&h=930",
295,陶冷月年表,1928,evt_01705,已下载,C:\Users\wu\Desktop\待查作品图片\295_陶冷月年表.jpg,"https://img0.baidu.com/it/u=2155271131,3179317631&fm=253&fmt=auto&app=138&f=JPEG?w=800&h=1418",百度图片-雅昌画廊,陶冷月年表 黄宾虹 作品 图片,19,TRUE,TRUE,548ea1e88b8c03c3dfc829876a7622bfac7cf26a61f7b1869ccc2b3f2b8a8494,5,"[19 作品名=False 查询作品名=True 作者=True] 西泠印社社藏名家大系 | 黄宾虹卷:冰上鸿飞(一) | ippr_z2C$qAzdH3FAzdH3Fojtk5_z&e3Bv54AzdH3Fppw6ptvsjAzdH3FrAzdH3Ffi5o?t1=dnal9ac80mdbadmlcbm90n | https://img0.baidu.com/it/u=1980568691,2546094386&fm=253&fmt=auto&app=120&f=JPEG?w=500&h=761","[19 作品名=False 查询作品名=True 作者=True] 《黄宾虹》100x68cm(现有作品) - 抖音 | ippr_z2C$qAzdH3FAzdH3Fooo_z&e3B157ytg_z&e3Bv54AzdH3Fg5pjAzdH3F0calal0clb8ld0mmdn9 | https://img1.baidu.com/it/u=3585848833,3082457150&fm=253&fmt=auto&app=138&f=JPEG?w=800&h=1156","[19 作品名=False 查询作品名=True 作者=True] 西泠印社社藏名家大系 | 黄宾虹卷:冰上鸿飞(一) | ippr_z2C$qAzdH3FAzdH3Fojtk5_z&e3Bv54AzdH3Fppw6ptvsjAzdH3FrAzdH3Ffi5o?t1=dnal9ac80mdbadmlcbm90n | https://img1.baidu.com/it/u=1700189879,440458557&fm=253&fmt=auto&app=120&f=JPEG?w=500&h=764",
299,石华,1929,evt_02070,已下载,C:\Users\wu\Desktop\待查作品图片\299_石华.jpg,"https://img0.baidu.com/it/u=348333442,2280666630&fm=253&fmt=auto&app=120&f=JPEG?w=330&h=313",百度图片-文汇报,黄宾虹 石华,19,TRUE,TRUE,c941db46da8b533a6b476fcfe47df40520b5acc9c75a919f8fe9cab809ecf2e3,5,"[19 作品名=False 查询作品名=True 作者=True] 八雅轩丨【墨缘有约】栖霞岭是黄宾虹人生中最快乐的时光 | ippr_z2C$qAzdH3FAzdH3F65ss_z&e3Bf5i7_z&e3Bv54AzdH3FwAzdH3F0clllanml_8d88d90a0 | https://img0.baidu.com/it/u=348333442,2280666630&fm=253&fmt=auto&app=120&f=JPEG?w=330&h=313","[19 作品名=False 查询作品名=True 作者=True] 黄宾虹|艺术之路注定是孤独的 | ippr_z2C$qAzdH3FAzdH3F4p_z&e3Bf5i7_z&e3Bv54AzdH3Fv7sAzdH3FrAzdH3Fd899llcmb_mbal90 | https://img1.baidu.com/it/u=3318824294,4059337608&fm=253&fmt=auto&app=138&f=JPEG?w=667&h=500","[19 作品名=False 查询作品名=True 作者=True] 《黄宾虹》100x68cm(现有作品) - 抖音 | ippr_z2C$qAzdH3FAzdH3Fooo_z&e3B157ytg_z&e3Bv54AzdH3Fg5pjAzdH3F0calal0clb8ld0mmdn9 | https://img1.baidu.com/it/u=3585848833,3082457150&fm=253&fmt=auto&app=138&f=JPEG?w=800&h=1156",
303,暮色,1935,evt_03052,候选下载失败,,"https://img0.baidu.com/it/u=1909866108,3106261465&fm=253&fmt=auto&app=138&f=JPEG?w=500&h=697",百度图片-网易艺术,黄宾虹 暮色 画,19,TRUE,TRUE,,5,"[19 作品名=False 查询作品名=True 作者=True] 自然是活勉强即死黄宾虹先生逝世70周年 | ippr_z2C$qAzdH3FAzdH3Fv7s_z&e3Bf5i7_z&e3Bv54AzdH3FwAzdH3Fbmnncbcdd_8dad08bad | https://img0.baidu.com/it/u=1909866108,3106261465&fm=253&fmt=auto&app=138&f=JPEG?w=500&h=697","[19 作品名=False 查询作品名=True 作者=True] 西泠印社社藏名家大系 | 黄宾虹卷:冰上鸿飞(一) | ippr_z2C$qAzdH3FAzdH3Fojtk5_z&e3Bv54AzdH3Fppw6ptvsjAzdH3FrAzdH3Ffi5o?t1=dnal9ac80mdbadmlcbm90n | https://img0.baidu.com/it/u=1980568691,2546094386&fm=253&fmt=auto&app=120&f=JPEG?w=500&h=761","[19 作品名=False 查询作品名=True 作者=True] 黄宾虹(1865～1955) 山色烟霭图 | ippr_z2C$qAzdH3FAzdH3Fwrr_z&e3Bxsyfw7v_z&e3Bv54AzdH3Fw7vpt5gAzdH3F1jpwtsAzdH3Ft1AzdH3Flmb09AzdH3F561j6AzdH3Fjews_r6tvjAzdH3Ff56pAzdH3F1jfv_z&e3Bip4s | https://img2.baidu.com/it/u=1475606927,120919617&fm=253&fmt=auto&app=138&f=JPEG?w=500&h=1049",百度图片-网易艺术 分数=19: 图片内容与已下载作品重复，已跳过；百度图片-网易艺术 分数=19: 图片内容与已下载作品重复，已跳过；百度图片-网易艺术 分数=19: 图片内容与已下载作品重复，已跳过；百度图片-网易艺术 分数=19: 图片内容与已下载作品重复，已跳过；百度图片-网易艺术 分数=19: 图片内容与已下载作品重复，已跳过
307,字征,1947,evt_04298,已下载,C:\Users\wu\Desktop\待查作品图片\307_字征.jpg,"https://img0.baidu.com/it/u=1525063890,425915074&fm=253&fmt=auto&app=120&f=JPEG?w=500&h=3235",百度图片-台北故宫,黄宾虹《字征》,19,TRUE,TRUE,6b9f2a1d14955cdb1aac52c2590a45dd50125418b24975982aaecfea5a691a50,5,"[19 作品名=False 查询作品名=True 作者=True] 黄宾虹|《画学篇》 | ippr_z2C$qAzdH3FAzdH3Fooo_z&e3Bf5i7_z&e3Bv54AzdH3FwAzdH3F0b99cbn8c_8d88d908a | https://img0.baidu.com/it/u=2994276961,2787624003&fm=253&fmt=auto&app=138&f=JPEG?w=500&h=3235","[19 作品名=False 查询作品名=True 作者=True] 📜黄宾虹与马一浮的珍贵信札诗稿集 | ippr_z2C$qAzdH3FAzdH3F4k1_z&e3Bkwt17_z&e3Bv54AzdH3Fgjofrw2jAzdH3F1wpwAzdH3F1pswg1tg2f7rj6?gt1=1p_nnbdnaanmcc00a90mdl | https://img2.baidu.com/it/u=4111361670,1442889537&fm=253&fmt=auto&app=120&f=JPEG?w=978&h=800","[19 作品名=False 查询作品名=True 作者=True] 黄宾虹""金石书法汇绘事""小解 | ippr_z2C$qAzdH3FAzdH3F4p_z&e3Bf5i7_z&e3Bv54AzdH3FwAzdH3Fb0ndm0nnd_8d88d908a | https://img0.baidu.com/it/u=1525063890,425915074&fm=253&fmt=auto&app=120&f=JPEG?w=500&h=3235",
311,文字系,1949,evt_04538,已下载,C:\Users\wu\Desktop\待查作品图片\311_文字系.jpg,"https://img0.baidu.com/it/u=2838136277,449318272&fm=253&fmt=auto&app=138&f=JPEG?w=500&h=1393",百度图片-人民网书画,黄宾虹 文字系,19,TRUE,TRUE,c3b260a303064532fe27a0ab45d3a5559675bdd76a848c131b5b9e2fed659b32,5,"[19 作品名=False 查询作品名=True 作者=True] 黄宾虹 | ippr_z2C$qAzdH3FAzdH3Fv7s_z&e3Bf5i7_z&e3Bv54AzdH3FwAzdH3Flabcl9aab_8d88d908a | https://img0.baidu.com/it/u=2838136277,449318272&fm=253&fmt=auto&app=138&f=JPEG?w=500&h=1393","[19 作品名=False 查询作品名=True 作者=True] 黄宾虹金文书法欣赏 | ippr_z2C$qAzdH3FAzdH3Fv7s_z&e3Bf5i7_z&e3Bv54AzdH3FwAzdH3Fb0a8b80n0_8d88d908a | https://img0.baidu.com/it/u=2956436333,3685550139&fm=253&fmt=auto&app=120&f=JPEG?w=500&h=1372","[19 作品名=False 查询作品名=True 作者=True] 黄宾虹 | ippr_z2C$qAzdH3FAzdH3Fgjof_z&e3Bf5i7_z&e3Bv54AzdH3FwAzdH3Flabcl9aab_8d88d908a | https://img1.baidu.com/it/u=763915927,1216997666&fm=253&fmt=auto&app=138&f=JPEG?w=500&h=1063",
