作品名,创作类型,题材,年份,别名,event_id,年谱原文片段(供查找用)
水经注,著述,其他,1865,水经注; 释瀔篇; 古印文字考,evt_00003,《自撰年谱稿》：“余降生于前清同治三年，岁次乙丑，正月子时，因未立春，星命家以为甲子年、丁丑月、丁酉日、庚子时。先是父大人奉余祖母程（按：为‘潘’之误）避兵，由歙西潭渡至浙东金华县南五十里白砂岭。祖母程（按：同为‘潘’之误）殁，殡于里郑村之白砂寺。是年太平军南京失守，江南各处人民入都市，我家迁移县城之西铁岭头。有双溪水环城合流为瀔水，水名载《水经注》，后获一字古玉印，作《释瀔篇》，存《古印文字考》，未梓行，即余降生之地，因名其堂曰‘谷玉’。”
八十自述,作画,山水,1869,八十自述,evt_00042,《八十自述》：“幼年六七歳，随先君寓浙东，因避洪杨之乱至金华山。家塾延蒙师，课读之暇，见有图画，必细意观览。先君喜古今书籍书画，侍侧常听之，记之心目，辄为仿效涂抹，遇能书画者，必访问穷究其理法。时有萧山倪丈炳烈善书，其从子淦，七岁即能画人物花鸟。其父倪翁，忘其名，常携至余家。观其所作画，心喜之而勿善也，意作画不应如是之易，以其粗率，不假思索耳。其父年近六旬，每论画理，言作画必先悬纸于壁上而熟视之，明日往观，坐必移时，如是三日，而后落笔。余从旁窃笑，以为此翁道气太过，好欺人。请益于先君，诏之曰：‘儿知王勃腹稿乎？’因知古人文章书画，皆贵胸有成竹，未可枝枝节节为之也。翌日，倪翁至，叩以画法，不答。
劝学赘言,著述,花鸟,1871,劝学赘言; 凤山笔记,evt_00059,族侄黄崇惺，字次荪，由庶吉士分发福建归化知县，道经金华，馆塾中，为订课程。随父陪同游览金华八咏楼，次荪指问林中红叶，乃以唐诗对；又问草虫，答以蚱蜢；又问可知蚱蜢为舴艋之谐音，答以小舟，象形也。次荪称奇。抵闽中归化县后，为荐歙程健行来金华黄氏家塾教授，并自闽中邮寄自著《劝学赘言》、《凤山笔记》，以及重订《潭渡杂志》等书供研习。
潭渡琐志,著述,山水,1871,潭渡琐志; 先德录,evt_00060,《自撰年谱》稿：“辛未，四弟生。歙潭渡族次荪太史崇惺以（按：原稿破残，应为‘咸丰辛亥浙榜’）入翰林，是年黄山丰乐水流域十里中，同榜者为郑成章、汪运钥、洪镔。次荪太史来浙至金华，馆余家塾中，为订课程。游八咏楼，余见□□□（按：原稿不清，疑为米万锺）诗石刻，能成诵。抵闽，尝以所著寄赠，有重订《潭渡琐志》，知种族自江夏来，始于东晋。详余所著《先德录》。”
自述稿,著述,篆刻,1871,自述稿; 续印人传,,
歙潭渡黄氏先德录,题跋,花鸟,1871,歙潭渡黄氏先德录; 劝学赘言; 凤山笔记; 二江草堂诗; 草心楼题画诗,evt_00062,《歙潭渡黄氏先德录》：“次荪太史，讳崇惺，原名崇姓，字麐士，号次孙，真民先生孙。幼颖异，从父雨墩司训钟爱之。长遭兵乱，时同族虎卿观察任汉黄道，客汉臯。旋中咸丰辛亥浙榜，同治辛未授庶吉士，令闽中。先考鞠如府君侨浙东，君迂道来拜，府君命余兄弟出谒。余方八龄，随登婺州之八咏楼，指问林中红叶，余举唐人诗以对；又问草虫，余称蚱蜢，君笑曰：‘子知蚱蜢为舴艋之谐声乎？’余因曰：‘小船也，亦象形也。’乃大噱。明年为敦请同邑程健行师教授，屡邮在闽中所著《劝学赘言》、《凤山笔记》，及重刊《潭滨杂志》等书至。未几卒于任所，历任归化、福清知县，署汀州同知。有《二江草堂诗》、《草心楼题画诗》，未及梓（按：《草心楼题画诗
凤山笔记,著述,其他,1871,凤山笔记; 郡志辩证; 劝学赘言; 集虚斋赋存; 文存,evt_00063,《民国歙县志》：“黄崇惺，原名崇姓，字次荪，潭渡人。幼颖异，长遭兵乱，客汉臯。咸丰辛亥浙榜举人，同治辛未进士，历任福建归化、福清知县，署汀州同知，所至有政声。诗文皆雅健，著述甚富，多有关吾乡掌故之作，其《凤山笔记》专记太平军入徽始末甚详。同治中议修府志，崇惺作《郡志辩证》，订道光志之失凡数十事，皆精确。又著有《劝学赘言》、《集虚斋赋存》、《文存》、《二江草堂诗集》、《草心楼读画诗》。”
松菊图,作画,其他,1873,松菊图,evt_00071,父命临摹倪易甫乙丑年所作《松菊图》。随父游览杭州并写生。
字诂,篆刻,篆刻,1874,字诂; 梦陔堂文说; 经说,evt_00078,春返金华。读族祖黄白山《字诂》，及黄春谷《梦陔堂文说》、《经说》，并开始学习刻印。
梦陔堂诗,著述,篆刻,1874,梦陔堂诗; 字诂; 义府; 经说,evt_00081,又：“春谷公讳承吉，初名萼棣，字谦牧，仰岑公次子。幼读书聪敏，博综两汉诸儒论说。全椒金棕亭先生退官时，侨居相近，一见即赠诗，备极倾许。籍江都学生员，与同郡焦理堂（循）、李滨石（钟泗）、江郑堂（藩）诸先生友善，日以经义相切磨，当时有江、焦、黄、李四友之目。中嘉庆戊午解元，乙丑成进士，令广西兴安、岑溪诸县。充戊辰试考官，拔名宿汪能肃。公所议事，率以才能屈其坐人，缘是渐为同僚所诋，竟以文书失落劾罢。道光初捐复道员。粤行凡经四险，众将不生。因年老，一意发愤著述，有《梦陔堂诗》，集数十年，总五十卷。校正经史，钩稽贯穿，每出旷识，正古文人之是非。辨扬雄、班固论司马迁之非，斥扬雄谀王莽等，作为说十一篇，总三
黄宾虹,篆刻,其他,1874,黄宾虹,evt_00082,王伯敏《黄宾虹》：“他的父亲藏有邓石如、丁敬等的印集，但嫌他年纪小，祇给他看了一下，就放回书箱。有一次，他趁父亲外出，偷偷地把它取了出来，花了一个月的时间，临刻了邓石如的篆印十多方。他的父亲回来，看到这些临刻，初还不信，及到亲眼见他奏刀时，才惊呆了。那时黄宾虹祇有十一岁。”
黄宾虹在徽州,题跋,其他,1877,黄宾虹在徽州; 风帆江上归; 练江东望图,evt_00102,黄警吾《黄宾虹在徽州》：“第二年，定华公又要他附族人崇保伴，偕同二弟仲芳再回徽，宾老应院试，先父应童子试。船到严州转港后，因时间比去年迟些，看不见打渔翁，问起船篙长，才知道鲥鱼有的时间很短，由海里来产卵，产后就走，所以难遇它。宾老听了这些话，心中暗想，难怪去年所谓讨彩头了，立刻感觉到今年‘没彩头’。母亲又说过，明年难得多。正在闷想间，二弟画了一幅《风帆江上归》拿给他看，打断了他的闷想，转身为画题诗写跋，并引起他的兴趣，也画了一幅《练江东望图》。次日下午船抵朱家村要卸货，时间尚早，崇保主张赶到家，大家立即起船，匆匆上路，到潭渡已万家灯火，幸崇保路熟，送他们到有华二伯家。二伯父母早知他们要来，已有
家庆图,作画,人物,1879,家庆图,evt_00119,义乌画师陈春帆为绘《家庆图》大幅。从陈氏习人物画。
虹庐画谈,著述,其他,1879,虹庐画谈,evt_00175,《虹庐画谈》：“曩余寓居白下，因望江倪曦侯（昶）识贵池刘恭甫（贻让）。恭甫时方弱冠，喜画山水，为写《幽亭古木图》箑面以赠余，余爱之重之。又出眎家藏绣水王安节（槩）、王伏草（蓍）兄弟画册，益信其泽古功深，非率尔涂抹者可比也。”
黄山异卉册,题跋,山水,1880,黄山异卉册; 异卉图,evt_00134,自题：“忆庚辰之岁，余年十六，返歙应试。督学孙莱山宗师置列高等。里中戚好以余兼习绘事，时雄村曹氏好客，尚收藏，因出家凤六族祖《黄山异卉册》见眎，赏玩数日，并假录其题咏诗数十首，存行箧中。既而获观雪庄《异卉图》，又摹之，已数易稿矣。此凤六公临雪庄者，不袭其貌，而得其意，余又临之，而面目更变，花类亦简略不完，屈指韶华忽忽已垂周甲矣。世事沧桑，古物散佚，辗转迁迻，流入市肆，搜罗真迹，犹获见之。近拟辑凤六公佚事，检此重题数语于端。壬午矼叟识。”
叙印谱,篆刻,篆刻,1883,叙印谱,evt_00156,《叙印谱》：“自来藏印之伙，无如汪讱庵。余族聚居新安之潭上，去讱庵飞鸿堂故址仅六七十里，往来江淮间，舟行必经其地，至则徘徊瞻望，未尝不怀想其遗风。询所藏印，则归西溪汪氏久矣。洎客游归里门，与西溪汪氏衡宇相望，又获交其贤士大夫，始稍得窥其所藏印谱。不数年间，又得见其印谱中所有之印。”
频虹藏汉铜印记,作画,山水,1883,频虹藏汉铜印记,evt_00158,《频虹藏汉铜印记》：“余髫龄喜琢刻，弱冠旋新安，闻绵潭汪讱庵富藏印，道咸间物归西溪汪氏。余友汪怀之喜为文辞，工书法。一日，出其印箧中‘鹰扬将军’章示余，篆文深细急就，盖军中所刻章也。涂银龟纽，青绿斑驳，因玩爱不释手。怀之心知之，慨以赠余。余孑然存箧中，挟之游白门、维扬者垂五六年。海阳李梓庭工画多收藏，见印欲以郑遗蕤所画山水册相易。郑因明遗民，文行卓著，而画尤超特，与余族祖白山公交最笃，尤窃慕之，卒以将军印易去。印即讱庵物也。阅数年，余归自维扬，西溪汪德扬为余言其家中曩藏印之富，经兵燹后毁弃殆尽，间从尘土中捡得其十数纽，然入卖人手过半矣。余急询其仍有存者否，因得‘大医司马’等司马印两纽，酬之金。
频虹藏铜印记,作画,山水,1884,频虹藏铜印记; 自叙,evt_00171,存考：这十年是谱主自述纪年材料匮乏的时期。上年条下所引《频虹藏铜印记》所云前“垂五六年”后“垂四五年”，年之总数与此暗合。这十年间，主要在南京、扬州江淮一带。然而一曰“负笈”，一曰“馆谷”，前者指求学，后者指教书，并不相同，这为年谱纪年设置了困难。此其一。其二，何时居南京、何时居扬州，亦难知其详。若按到南京，扬州入书院肄业来说，并非所有书院都收外省学生。如此际《申报·整顿书院》云：“近年上元、江宁两县科名之盛，甲于东南，‘天下文枢’，此语可当之而无愧。城内向有两书院，钟山则广收各省之棫，尊经则仅育一郡之菁莪。”虽然黄宾虹晚年填履历表有南京钟山书院和扬州梅花书院高材生之语，却无从确知入两所书院的
画征录商兑·绪论,著述,其他,1884,画征录商兑·绪论; 画征录,evt_00173,《画征录商兑·绪论》：“浦山所著《画征录》，洞参宗旨，言皆中肯。余胜衣就傅，浏览是编，手不忍释。弱冠涉猎群籍，颇多疑牾，尝即其书条目之下，互参众说，间附己意，拉杂纪于书首。”
幽亭古木图,作画,其他,1884,幽亭古木图,evt_00174,居金陵之际，与贵池刘恭甫订交，刘作《幽亭古木图》扇面以赠，并观其家藏王槩、王蓍兄弟画册。
数奇之士,篆刻,山水,1887,数奇之士; 和赵少舫六十述怀四首; 沪渎杂记; 上海繁昌记; 哭张瑶圃,evt_00214,存考：黄宾虹《数奇之士》一文是截取陈若木《一沤吟馆选集》（1910年刊本）王鉴、臧谷、陈霞章三人序识组合而成的。从《一沤吟馆选集》诸诗及诗注仅知陈崇光原配夫人朱氏殁于1871年之际，之后诗集中祇有云游沪渎江浙一带的诗作，并没有续弦的痕迹可寻。1871年来沪，不久1875年又来沪。所选诗终于1878年前后，仅《和赵少舫六十述怀四首》偶涉其原配夫人朱氏，其第三首云：“平生相遇岂徒然，悟后情怀托四禅。竹醉未妨君子节（君竹醉日生），莩亲忝有弟兄缘（君继室朱与吾亡室，女兄弟也）。人间故剑偏多感，天上明星喜再圆。却羡采衣欢笑罢，传经娇女立灯前。”按诗意，陈若木与赵少舫为连襟，陈的夫人和赵的继室为姐妹，且均
建康实录,篆刻,篆刻,1888,建康实录; 春秋律身录,,
尔雅,作画,山水,1891,尔雅; 汉书·地理志; 煮梦盦填词图; 古画微,evt_00252,存考：这里有两道坎困惑着我们。一是黄宾虹依据什么断言郑珊是王宸（字蓬心）的门生。王蓬心卒于1797年，郑珊生于1809年，一卒一生，相隔十二年，郑珊无从“受法”于王蓬心是显而易见的。既然有这道无法跨越的间隔，郑珊后半句“此吾曩受法于王蓬心太守者”便不可理解，那么是什么因素导致黄宾虹说这句令人一头雾水的话的呢？惟一的解释便是黄宾虹没有深究王、郑两人的生卒年份，曲解了郑珊的原意，作了与原话有所出入的转述。二是黄宾虹这次拜访发生在哪一年。前文已排除了1884年的可能性。那么究竟发生在哪一年，除了笼统地知道在郑珊八十多岁的这个年龄段以外，无从推知确切的时间。皖公山即天柱山，又名潜山。《民国潜山县志》：
周氏听雨楼,作画,其他,1893,周氏听雨楼; 听风雨楼图卷,evt_00270,《周氏听雨楼》：“余曩游邗上某官家，尝睹王蓬心画《听风雨楼图卷》，笔墨草草，仅二尺许，后之诗文题识者近数十人，皆一时名流之作。忽忽二十余稔，兹亦不可复见矣。”
黄宾虹二三事,题跋,其他,1895,黄宾虹二三事; 莽苍苍斋诗草,evt_00298,王伯敏《黄宾虹二三事》：“1895年（光绪二十一年）春天，谭嗣同在浏阳与湖南士绅合股筹开煤矿，闻中日战争失败，悲愤之极，以为亡国就在旦夕，呼号‘变法’，竭力提倡新学，并在浏阳设立算学格致馆，介绍西洋科学知识，因人力不足，想去上海活动。这时宾老的朋友萧辰在浏阳，并协助谭嗣同工作，于是函告宾师，约其与谭嗣同在安庆会面。这年夏天，谭嗣同由水路东下，宾师特地从歙县赶去，在贵池的一家旅社里，由萧辰介绍两人见了面。下面是宾师回忆与谭嗣同见面时的一段话：‘那时我们都年青，当晚，我们三人（指和谭、萧）在一起吃饭，萧辰平素无多话，爱喝酒，他祇闷着头顾自己吃。而复生（按：谭嗣同字复生）呢，说是肠胃不好，既不喝酒，
韬庐图,作画,其他,1897,韬庐图,evt_00303,春月，应业师汪仲伊之命，作《韬庐图》。
廉访课士,题跋,其他,1897,廉访课士,evt_00310,《廉访课士》：“安省敬敷书院，每月官、师两课，今值大比之年，所有四、五、六、七等月课业已预先提前，本月初二（阳历9月27日）应轮臬宪课士之期。是日清晨，赵廉访亲诣书院点名命题课试。兹将题目录左：孔子曰：‘益者三友’全章。诗题：赋得‘地不爱宝’，得兴字，五言八韵。策问：今之保甲如此綦严，而盗贼之多如故，有何良法可以绥静闾阎，保卫商旅？”（10月13日申报）
观察课题,题跋,其他,1897,观察课题,evt_00311,《观察课题》：“安省敬敷书院，本月初二日（阳历10月27日）应轮道宪课试。是日黎明，李廷肃观察亲莅考棚命题监课。兹将题目录左：国家闲暇及是时明其政刑，虽大国必畏之矣。诗题：赋得‘塞鸿声急欲霜天’，得天字，五言八韵。”（11月17日申报）
集古印存,作画,其他,1898,集古印存,evt_00318,与汪福熙书：“吉修大兄世大人侍右：去腊皖江归里，接惠手毕，过蒙奖饰，恧感交集。藉悉阁下桐枝高占，绛帐春融，式符臆颂。承属画屏，呵冻染翰，殊不见佳，即希哂政为荷。凌、沈两先生皆精通篆隶，博雅好古，同寓中江，得常亲敬否？法隶得自家学，扩以闻见，诣力所至，竟未易量，艳羡艳羡。省中雪湖翁，年近九旬，六法精妙，尤工画梅，子予先生比之有明刘雪湖，遗之楹联，书法极妙。及归歙浦，道经白岳之麓，时适雪霁，遂跻其巅，一穷三姑、五老诸峰之胜。岁尽获睹汉铜私印六枚，青紫斑剥，知为讱弇先生《集古印存》中物，力谋而得之。此皆近事所为，自诧眼福，差足以告同志者耳。至于敬敷，今年膏奖更减，往来跋扈，旅费俱艰，因拟试后再决行止
黄白山黄山诗意图,作画,山水,1899,黄白山黄山诗意图,evt_00339,仲秋，为父母官筱印作《黄白山黄山诗意图》。
黟山人黄牧甫印谱叙,篆刻,山水,1900,黟山人黄牧甫印谱叙,evt_00365,《黟山人黄牧甫印谱叙》：“庚子北扰，南方震动。余往黟，偕邦人谋守羊栈岭。牧翁时由粤归黄山，一相见如旧相识，因获观其所治印章，不失先正矩矱。”
仁德庄义田旧闻,题跋,其他,1900,仁德庄义田旧闻,evt_00371,《仁德庄义田旧闻》：“义田之举，自族祖议叙三品刑部安徽司郎中公履（昊？），前清乾隆七、八两年，系解私囊，以恤族姓之孤贫而设，捐银计一万六百余两，置田八百八十余亩。嗣于乾隆十年，族会钺筹联名禀恳刘县示禁，蒙批详请各宪题旌勒石县辕，列载条目，永杜棍徒勾引友丁魆行盗卖盗买，以及奸佃抗不交纳，均许族会指名赴呈重究在案。……同治、光绪中，小发、又晖、训和、咏宣实承其事。时当大乱初平，居民转徙，疾病死亡者，相藉于道，地旷人稀，祠宇残废，岁租之人，不敷补葺。而东庄、丰堨田亩，荒芜几尽，莘墟、睦坞诸田产，失业被占者，不可究诘。”
黄山卧游图册,作画,山水,1902,黄山卧游图册,evt_00408,按：为汪聪作《黄山卧游图册》自跋云：“甲午而后，归耕歙东，垦荒田亩数千计，岁必至天都、莲花诸峰，尝于秋霁，尽兴探索丘壑云烟之趣，收之囊中。”看来，黄宾虹自归歙十余年间，每年都游黄山写生，此外，旁及歙南诸名山。
滨虹集印存序,篆刻,篆刻,1902,滨虹集印存序,evt_00415,《滨虹集印存序》：“夫王俅集印谱录谁稽，吾衍编书品自碻。冻石珍逾铜玉，闲章羼入诗词，变格标新，遗制就沫，繇兹而论，耆古所欷。不佞行箧捜残，临池学瑑。汉、魏之古鼎，不眩乎甘才；文、何以还，裘类成于集腋。虽或寥寥数纽，落落几人，菭斑锈涩，半蚀虫鱼，石隐孤畸，尽弢姓字，苟典型之不泯，斯裒集而靡遗。要亦文豹一斑，莫窥管之陋，神骏千里，或蕲按图可索也。光绪癸卯仲春，潭滨黄贽。”
任耕感言,著述,其他,1906,任耕感言; 齐民四术,evt_00470,《任耕感言》：“三十二年丙午六月，邑东禾稼虫伤。二十四、五两日，堨田亦因陡生害虫，似蚕而小，遍身绿色，吐丝结叶，蔓延五六百亩之多，禾苗几尽，穗成枯萎，农人惶急。今农学家言，害虫发生，或以田亩芜秽未净，温润不洁之气所致。去冬久干，田土不及耕翻，虫蚁伏处，值时而作。类有蝶一种，幼时为蠋，食禾吐丝，缀叶以构窠，身在其中；蜕皮成蛹，夏月初化为蝶，产卵伙多，夏秋之间，孶植三四回，禾谷为之不登。其种与此绝为相似。安吴包慎伯著《齐民四术》，论稻生结叶虫，每亩以桐油两斤，趁无风日斜时灌之，油随露提上叶尖，则虫陨而坠水。而农民狃于故俗，请必迓神禳祲，燃爆鸣钲，兼以敛费。”
国学保存会章程,著述,篆刻,1907,国学保存会章程; 黄史; 丁未八月上藏书楼夜坐杂感; 叙摹印,,
皖路大会纪事,题跋,其他,1907,皖路大会纪事,evt_00493,《皖路大会纪事》：“芜湖本月（阴历十月）初二为安徽铁路公司开第三次会议，南北各州县所到议员共三十余人。是日开会秩序录左：一、开会宣读颂词，布告开会宗旨；二、会办报告自第一届账略起，至今年八月底止收支各款；三、提议事件（一、盐斤加价；一、南典加息；一、北茶抽股）；四、请各议员自表意见，凡有可筹之款，须实力担任；五、请南北各议员分担调查南北路线出产，暨有关利益各事；六、筹议助江浙抵制借款办法，浦信事同一律，此后事机益迫，宜如何急起自谋预筹对付办法。皖路议员题名单：定远方臯、婺源李荣干、歙县黄质、舒城王元良、泾县周肇熙、建德赵镕、舒城高鲁黉、宣城陈恭、石埭苏吉庵、六安吕烈钰、太平谭秉鉴、铜陵章家祺、
画学散记,著述,其他,1907,画学散记,evt_00495,回歙里居时，埋头著述，除金石学外，整理《画学散记》。
叙摹印,著述,山水,1907,叙摹印; 叙村居; 叙造墨; 画学散记; 记者识,evt_00497,存考：经历人生一劫，黄宾虹去意已萌。里居时，埋头著述，继续写作《叙摹印》、《叙村居》、《叙造墨》的同时，开始整理画论著述，其成果则是收入文集的《画学散记》。此稿写于《国学报》的稿笺上，生前未发表，收入文集时，由于不明《国学报》的来龙去脉，据文意断为清末之作。经查考，《国学报》系国学保存会创建之初准备刊行的一种杂志，黄节为之撰有《国学报叙》，因故未曾创刊。黄节的《国学报叙》刊于甲辰十一号第三十七张《政艺通报》上，同时有《记者识》一则：“癸卯岁暮，同人创为国粹学社，拟出《国学报》一编，因属黄君为之叙，后以事会变迁，迟迟未成，今刊其原叙于此，以正海内热心同志之君子。”我们无从得见《国粹学报》稿笺是什
叙造墨,篆刻,篆刻,1908,叙造墨,evt_00499,邓实得寄沪自拓印谱，以及供《国粹学报》制版用的古代书画和赠画后，复信催《叙造墨》续稿，并约撰画论。
滨虹论画,出版,其他,1908,滨虹论画; 滨虹论画; 神州国光集; 神州国光集; 神州国光集,evt_00501,存考：这封信未署年月，但从以下两方面可以断定其写作时间不晚于本年年初。一、《滨虹论画》本年九月（阳历为10月）发表于《国粹学报》，显然用的是黄宾虹本年来沪时随身带来的稿子，扣除排版印刷装订的周期，则其来沪时间如果在五六月份，那么从1月到5月，有足够的时间写作《滨虹论画》。二、《神州国光集》原定二月份（阳历3月）创刊，由于进口机器的调试不顺利，直至7月份才登报发行，邓实“日内可出”之说系筹划到印制之间的乐观用语，事实上他并未料到试印时会有那么多的麻烦事和那么大的报废量。邓实具有经营的才能，黄宾虹晚年对人还幽默地说，邓祇用五十元钱办神州国光社（《夏承焘集·天	风阁学词日记》）。由《政艺通报》而《国
疏林淡山图,作画,其他,1908,疏林淡山图,evt_00504,秋日，作《疏林淡山图》。
中国画变革的语言资源——20世纪初叶中的一些证例考析,作画,山水,1909,中国画变革的语言资源——20世纪初叶中的一些证例考析; 扬子江马当山砲垒图; 蜀中山水; 北海之滨; 画法要录,evt_00526,存考：自此开始，直至1941年蔡守谢世，其间悠悠三十二年，黄宾虹和蔡守的交谊不绝如缕。综观三十二年岁月的交谊，大抵可以作如下的表述：相识之初，蔡守较之黄宾虹占有明显的优势，这种优势体现在他有更为广泛的社会关系和更早投身于文化事业的经历，起步更早的艺术探索在某种程度上影响并启迪了文化领域的新人黄宾虹；但是，随着时间的推移，两者地位发生了变易，优势很快转化到黄宾虹那里，可以说在其后大部分岁月里，蔡守为黄宾虹的艺术折服，成为黄宾虹艺术的忠诚追随者。1912年黄宾虹《真相画报叙》有以下一段话曾经长期令人迷惑不解：“尝拟偕诸同志，遍历海岳奇险之区，携摄影器具，收其真相，远法古人，近师造物，图于楮素，足迹
雪味厂图,作画,其他,1909,雪味厂图,evt_00527,春日，为蔡哲夫作《雪味厂图》。
檀干村图,作画,其他,1909,檀干村图,evt_00529,暮春，为许承尧画《檀干村图》。
蒹葭图,作画,其他,1909,蒹葭图,evt_00535,夏，为黄节作《蒹葭图》。
国学萃编,作画,其他,1909,国学萃编; 荔支湾送别图,evt_00537,9月，潘飞声应沈宗畸（太侔）之请，赴京与编《国学萃编》，出广州，道经香港上海。与邓实、蔡守邀其饮于酒楼，潘氏赠诗为别。潘氏出伍德彝绘《荔支湾送别图》卷请为题跋，
荔支湾送别图,篆刻,人物,1909,荔支湾送别图,evt_00539,题《荔支湾送别图》：“潘君倜傥今名流，才华富有非凡俦。言筌往往得肯綮，奏刀目已无全牛。鸡林曩日贵声价，亦有蒲轮重相迓。僊居挹娄矗九梯，异数不数星轺下。君昔朱颜今鬓霜，横秋老气工文章。京华人物盛繁富，好为祖国扬休光。逢君海上时方暑，羽扇挥风汗如雨。六桥三竺纪游踪，虎阜狮林结吟侣。扁舟载酒兴自豪，花间醉饮琼楼高。胸中丝竹会陶写，文思不涸词滔滔。年华感嘅秋风易，北燕南鸿迫人事，愿当更作岁寒盟，松柏青青比君子。兰史词丈先生将有北行，出纸属题，率成里句，聊以赠之，即希哂正。潭上质拜稿。”
惠山访听松石图,作画,其他,1909,惠山访听松石图,evt_00543,夏，为潘飞声作《惠山访听松石图》。
西泠泛櫂图,作画,其他,1909,西泠泛櫂图,evt_00546,夏，为潘飞声作《西泠泛櫂图》，并录其诗。
浅绛新安山水图册,作画,山水,1909,浅绛新安山水图册,evt_00557,己酉七月，挥汗为李可亭作《浅绛新安山水图册》，署“己酉七月潭上质”、“朴居士”。邓实题识称其画“视诸（新安）先辈，几有出蓝之妙”。
南社丛谈,出版,其他,1909,南社丛谈; 南社丛刻,evt_00585,郑逸梅《南社丛谈》：“十三日早晨，他们就雇了画舫，从阿黛桥出发，循七里山塘，一橹双桨，摇到虎丘。上了岸，直趋张东阳祠，社员和来宾共十九人，先后都到了。开了两桌，菜肴是船上备着的。一方面喝酒，一方面选举职员，预备发行《南社丛刻》，当场选出了陈巢南为文选编辑，高天梅为诗选编辑，庞树柏为词选编辑，柳亚子为书记，朱少屏为会计。”
上海书画研究会简章,书法,其他,1910,上海书画研究会简章; 上海的学艺团体,evt_00600,《上海书画研究会简章》：“中国古今书画，擅绝艺林，久为东西人士所推服。自经兵燹，宋元名迹仅有存者，即胜国及本朝法书名画，亦毁失过半，海内收藏家珍秘过甚，后学未易观摩，间有一二流传，动索重价，辄为海外人所得，古法日湮，俗习竞效，书画一道，遂致每下愈况，良可慨也。上海为交通之地，文人学士，居处往来，以书画专长者颇众，四方求索，深苦烦劳，其有高自标置者，延访无从，遐音终閟，致为缺憾。本会以提倡研究，承接收发为宗旨，爰集海上同志，就小花园商余雅集楼上设立会所，公同推选书画家、收藏家、赏鉴家随时晤叙，互相考证，以为保存国粹之一助，略具简章于左：一、本会公举李君平书为总理，哈君少夫、毛君子坚为协理，赵君云
1947年中国美术年鉴,题跋,其他,1910,1947年中国美术年鉴; 书画研究会简章,,
岫庐八十自述·中国新公学,题跋,其他,1910,岫庐八十自述·中国新公学; 岫庐八十自述·初长商务印书馆编译所与初步整顿计划,evt_00606,本年9月1日《时报》有“留美预备学堂考取学生名次”广告，我们把它录在下面：“乔煦，叶质，李士琛，翁芸舫，赵建藩，陈常，严中，党沄，姚熞挺，徐芝田，胡国光，周钰，戴明之，宰清濂，赵绍武，邢定云，谭廷凯，王鹏，朱士式，汪述盫，陈渊仁，徐柏堂，张卓云，何治宜，罗世冕，李阶平，陈继青，罗绳古，许放勋，彭建业，陈其昌，王令庄、陈子刚，朱其仁，孙伯英，黄宗炎，曾仲廷，章显庠，李嗣青，朱子云，许宗岳，周晖，蓝文蔚，何勤，李俨，王镗，陈弼，廖振，盛琮，余彝，徐望曾，陈景泰，冯金莹，徐颉堂，周德明，金济向，刘钟璠，程忠正，王崧生，何其仁，孙邦藩，王承孙，汤鸿基，查斗牛，刘星源，杨曾龢，姚裕源，连声海，张超华，李
温泉铭,出版,书法,1910,温泉铭; 温泉铭; 温泉铭; 温泉铭; 论画示三女蕙英,,
自题蒹葭图寄黄滨虹索画,题跋,其他,1910,自题蒹葭图寄黄滨虹索画,evt_00619,黄节《自题蒹葭图寄黄滨虹索画》：“愁入蒹葭不可寻，闭门谁识溯洄深。江湖一往成回首，风露当前独敛襟。遗世尚多今日意，怀人空有百年心。凭君为写伤秋句，应与鸣条和独吟。自题蒹葭图，即寄朴人为索画事。庚戌初秋，黄节。”
九歌图册,作画,山水,1910,九歌图册; 离骚·九歌,evt_00625,题江蓉《九歌图册》：“有明仇十洲画《离骚·九歌》，向藏余族茨荪太史家，咸丰兵乱散失，后归朱丈寄洲。寄洲收庋极富，然以此册为压卷，余过其斋，恒出册以夸示。且以为通缋事如余族中凤六、柳溪诸公皆能广睹古今名迹，故笔笔有来历。郡城江丈莲峰，幼通书史，工吟咏，所游江淮间，王小某、释莲溪皆极称之，而与陈若木交谊尤笃。及归黄山，皤皤黄发，时与寄洲丈为文酒之乐。余以治农田水利之暇，得时时闻诸先生之议论。今寄洲、莲峰已归道山，而余出旅沪，眴将两载。哲夫道兄工书善画，获斯册子，展玩久之，人事变易，曾不十年，已足深人今昔之感，为此题之，不胜怃然。黄山黄质。”（广州中国艺术博览会1995年拍卖图录）
二十年目睹之怪现状,著述,其他,1910,二十年目睹之怪现状; 痛史,,
广雅书院图,作画,其他,1911,广雅书院图,evt_00643,作《广雅书院图》赠黄节，黄节作诗以报。
鬻书后引,著述,其他,1911,鬻书后引,,
荀楼画谈,篆刻,其他,1911,荀楼画谈; 古玺印铭并序,evt_00655,9月2日，《荀楼画谈》开始在神州日报连载，署名“濒虹”、“宾鸿”。同时刊出的还有《古玺印铭并序》。连载未完，因革命起而中辍。
宝铁研斋图,作画,其他,1911,宝铁研斋图,evt_00657,是际，为哈少甫（少夫）作《宝铁研斋图》。
黄宾虹十事考：文美盛会,作画,山水,1912,黄宾虹十事考：文美盛会; 贞社时代; 1947年中国美术年鉴; 上海学艺概况; 上海学艺团体,,
黄宾虹十事考·贞社时代,题跋,其他,1912,黄宾虹十事考·贞社时代; 神州国光集; 中国名画集; 新艺术的震撼; 神州,,
陶雅,著述,其他,1912,陶雅; 寂园志; 瓷雅,evt_00755,陈浏（亮伯 ） 南京浦口人  住上海梅福里  著《陶雅》，前清总理衙门章京，官席□运司，（字序不清）《寂园志》《瓷雅》  又黄公度日本图经中稍及漆器
竹西芳径,作画,山水,1912,竹西芳径; 文艺消息; 秋夜; 马（码）头夜泊; 大人有梦,,
赠黄滨虹拟请治印,篆刻,篆刻,1912,赠黄滨虹拟请治印; 寒隐,evt_00792,高燮《赠黄滨虹拟请治印》：“人生何者足可耻，穷年读书不识字。邕、冰已远书契湮，旧籍往往混真伪。是谁博考鉴别精，字体源流知所自。因之上溯秦汉遥，典坟邱索得穷治。择古既厚方奏刀，刻划一一具深思。至诚凝固腠理微，承蜩解牛本一致。黄子静者我所师，郑虔三绝人共知。图成《寒隐》昔见赠，明窗相对若为移。旁及摹印尤入妙，扁篆刻蟠神螭。抱残守缺不求赏，落落独挹孤芳姿。徘徊抚鉴有余味，古清郁结念在兹。或言玩物足丧志，腐儒见解真堪嗤。我亦粗知事书史，故纸堆中闷欲死。望古沈沈浩劫灰，捜残蠹简皆无是。聿稽文字创造初，差见微言与奥旨。可知古义一线传，金石之中有鸿秘。遗闻万古蕴不宣，寥落封四千祀。当世能人识字人，眼中我见滨
泰岱图,作画,其他,1912,泰岱图,evt_00797,5月15日《神州日报》创刊五周年纪念，撰时评并作《泰岱图》以贺之。
徐园金石书画共览会第二日纪事,作画,山水,1912,徐园金石书画共览会第二日纪事; 独树图; 墨池风雨; 春郊渡牛图; 兰花,,
中华名胜图说序,题跋,其他,1912,中华名胜图说序; 吴衡之译某女士画谱序; 岫庐八十自述; 第一回中国年鉴,evt_00817,存考：吴衡之（1871—？），名权，又字秉钧，号香山老衲，广东香山人。据黄宾虹《中华名胜图说序》（即《吴衡之译某女士画谱序》）云：“老友衡之先生，学贯天人，艺通中外，娴习蟹行之字，覃精象数之书。遂尔旷览九州，旁研六法，抚琴动操，侪宗炳之雅怀，扬葩飞文，属陈思之绮采。乃索吾县唐吉生君之母吴太夫人所绘中华名胜画十余幅，次第诠释，区别源流，辨南北之宗风，李、王轨异，联东西之学派，欧亚沟通，将使翰墨流传，丹青炳曜。”十九世纪末，吴氏在沪掌惜余英文学塾，注重商务英文的教育。1902年年方14岁的同乡王云五入该学塾夜校习英文。王云五在其《岫庐八十自述》中有下列记述：“关于读英文的情形，我所入的夜校校长兼惟
频虹集古玺印存,篆刻,其他,1912,频虹集古玺印存,evt_00818,春夏之际，《频虹集古玺印存》五卷本辑成，赠诸同好知己。
文艺批评·滨虹印谱,篆刻,篆刻,1912,文艺批评·滨虹印谱,evt_00819,《文艺批评·滨虹印谱》：“滨虹印谱五册，南社社友黄君朴存辑。朴存善篆刻，好收藏，人类能道之。此谱为其所藏官私印，且为君手拓，尤可宝也。记者昔与黄君同事，每寒夜如年，一灯如豆，人熟睡，君独拓印不少辍。此册实其精神之所寄也，宜乎其可珍也。”（7月23日太平洋报）
滨虹草堂藏古玺印铭并叙,篆刻,篆刻,1912,滨虹草堂藏古玺印铭并叙; 南社丛刻,,
画学篇,题跋,山水,1913,画学篇,evt_00877,张谷雏跋《画学篇》：“忆昔癸丑岁，秋之八月，高先生剑父邀予同往景德镇，过春申，在邓氏风雨楼中与黄丈把晤，得闻緖论。斯时余未有意画道，匆匆之际，奔走遑遑。殆戊辰岁，余往匡庐山居两载，朝夕流盼山光云影，以古人笔墨之法，撮取自然景物，得草稿百十纸，及扺沪上，请益于黄丈。当时王秋斋、宣古愚在座，黄丈笑曰：‘师古人而贯通造化之机，吾当与子并驾而游于艺。’古愚谓予与黄丈洵为同道，不以艺治生，以艺为寄兴。”(原件，钱学文医师藏)
黄宾虹十事考·居沪前后的上海画坛,题跋,其他,1913,黄宾虹十事考·居沪前后的上海画坛; 荣宝斋; 收藏中国名画序; 中华名画·史德匿藏品影本; 中国美术目录,evt_00881,存考：拙文《黄宾虹十事考·居沪前后的上海画坛》，已涉及此类展览会，以及在沪收藏中国古画的西方人士，涉及黄宾虹与傅雷书中所记述（《荣宝斋》2002年3月—7月第2—4期连载）的关于“塞尔维亚商人”的故事，然而要对黄宾虹与他们交往的确切时间加以定位，就倍感困难了。以黄宾虹治学取向与所创办贞社之宗旨，以及已经露出水面的他们之间的往来线索决不能排除他前往观览并与他们交往的可能。黄宾虹1943年给傅雷信中说：“二十年前，愚公（宣哲）曾约鄙人至黄浦滩一某俱乐部，以门券每张已二三十元，皆为欧人私家收藏。研究处前到者有土山湾天主堂牧师张渔山，为熟人，向研求中画，云今有塞尔维亚之商人得一宋画册，全球视为至宝，可
介绍新书,出版,其他,1914,介绍新书,evt_00893,《介绍新书》：“翁常熟相国松禅老人，功名德业久已倾动海内，生平所为诗古文词，卓然大雅，惜为书画名所掩，传世甚罕。今相国侄孙永孙诸君出其辑校诗文共凡六卷，醵资付印，现已出版，有愿先睹为快者，海上各书坊均有寄售。（虹）”（1月8日神州日报）
岱宗游迹,题跋,其他,1914,岱宗游迹,evt_00898,自跋《岱宗游迹》图卷：“哲夫社兄将之齐鲁，道出沪上，余写斯图，为壮行色。滨虹黄朴存。”
冲雪访碑图,作画,其他,1914,冲雪访碑图,evt_00900,1月25日除夕，偕蔡哲夫同访华泾刘三，同醉黄叶楼。作《冲雪访碑图》赠蔡氏。
分湖吊梦图,作画,其他,1914,分湖吊梦图,evt_00908,春，为叶楚伧作《分湖吊梦图》。
古玩交易中的艺术理想——黄宾虹、吴昌硕与〈中华名画·史德匿藏品影本〉始末考略,著述,其他,1914,古玩交易中的艺术理想——黄宾虹、吴昌硕与〈中华名画·史德匿藏品影本〉始末考略; 中华名画——史德匿藏品影本; 影本; 影本,evt_00929,洪再新《古玩交易中的艺术理想——黄宾虹、吴昌硕与〈中华名画·史德匿藏品影本〉始末考略》：“1913年7月间，旅沪的外国古玩商史德匿将其收藏的百余件中国古画和盘转卖给瑞典的著名艺术收藏家法赫拉乌斯。与此同时，史德匿着手编辑一部彩色图录，聘请上海的中外文化艺术名流撰文作序并翻译，精印成汉英合璧《中华名画——史德匿藏品影本》（以下简称为《影本》），在第二年7月正式向国内外读书界推出。当时《申报》、《时报》、《神州日报》等连登广告，称之为‘二十世纪新发明’。英文《字林西报》除广告外，专门发表书评，称此藏品‘可能为最后一批离开中国本土的古代艺术精品真迹’，《神州日报》的社论声称这‘将使西方画系中开一新纪
影本,著述,人物,1914,影本; 自序; 影本; 目录; 影本,evt_00930,又：“翻开外国冒险家在上海的发迹史，‘洋人古玩商’史德匿的名字是极富象征性的。他的E. A. Strehlneek音译，其中文字义就十分令人玩味。一个‘匿’字，里面包含多少说不清、道不明的生意经。……史德匿的诡秘，从其不同的国籍传闻，可见一斑。大概说来，他要根据不同的社会场合而定。如‘英国人’、‘德国人’，多在塑造其‘绅士’形象；而‘拉托维亚人’、‘塞尔维亚人’，则指代其‘掮客’身份。比国籍更众说不一的还有史德匿的履历。……从《影本》史氏《自序》等材料来看，其经营的重点略有不同。据称1914年时他来华已廿余年，除《影本》外……1929年于东京美术印刷社刊行的史德匿中国艺术古玩行(Strehln
南社丛刻,题跋,山水,1914,南社丛刻; 南社丛刻; 影本; 影本; 影本,,
新画法序,著述,山水,1914,新画法序; 新画法,evt_00936,《新画法序》：“古今学者，事贵善因，亦贵善变。《易》曰：‘变则通，通则久。’东瀛画法传自中土。初摹唐宋院体，后分数家，有土佐家、雪舟家、狩野家，皆为有声艺林，得缋事不传之秘。中国古来名人，唐多居蜀，宋多居汴，至于元明，尤以江浙称盛。然其江湖林壑，物囿见闻，钩斫渲淡，宗分南北，可于善因者深明所守，而善变者会观其通也。今者西学东渐，中华文艺，因亦远输欧亚，为其邦人所研几，唐宋古画，益见宝贵。茫茫世宙，艺术变通，当有非域所可限者。陈君树人，学贯中西，兼精缋事，著《新画法》，梓而行之，诚盛举也。然仆窃有进焉。尝稽世界图画，其历史所载，为因为变，不知凡几迁移。画法常新，而尤不废旧。西人有言：历史者，反复
莲藕图序,著述,其他,1914,莲藕图序,evt_00937,为内兄洪秋潭撰《莲藕图序》。
近游图,作画,其他,1914,近游图,evt_00938,秋，为胡蕴（石予）作《近游图》。
汉印菁华,篆刻,篆刻,1914,汉印菁华,evt_00952,黄宾虹题《汉印菁华》：“自来藏□□之多者，向称新安汪讱弇，粤中潘毅□□□□□□□□□□，陈簠老筑□印楼，搜罗奇古，实出其右。余获讱弇所藏印颇□□□□观潘氏看篆楼印谱，集汉铜印，不减讱弇。潍县郭君南来，持其邑人田□颿□拓簠斋所藏印，益以当时士夫之获，凡二十四巨册，心诧艳之，而□□所藏周□□大玺皆在焉。甲寅冬日，茗柯先生游沪上，携古金石，□□□□暇，出何瑗玉手拓印谱眎余，展玩再四，是知其获潘、陈两氏之盛而荟萃□□者藏印，其散□于武林许氏与桐城马氏，且数千钮。今又□□捡行箧中拓所有讱葊（去草头）旧印奉呈□存，俾□□坿于□□□□□□，因题数语归之。古歙黄朴存。”（黄大德先生提供。字迹残破）
祭后山图,作画,其他,1915,祭后山图; 后山诗意图册,evt_00961,春夏间，应黄节函请，为绘《祭后山图》和《后山诗意图册》。
蒹葭楼诗,作画,其他,1915,蒹葭楼诗; 十二月二十九日集法源寺为后山逝日设祭; 大至阁诗; 后山逝日设祭法源寺，余以事未赴，因赋; 祭后山图,evt_00962,裘谱：“黄节为纪念宋诗人陈师道，函请先生绘图。信中说：‘去年腊冬，都下名流，集法源寺，为后山逝日设祭。僧堂深邃，颇饶松竹，既各为诗缮册，欲乞公制一图，以志斯事。’《蒹葭楼诗》上年（按：阳历即本年2月12日）有《十二月二十九日集法源寺为后山逝日设祭》七律一首：‘谡谡长松绕佛坛，致斋为位讵无端？愿兹一往相从意，益叹于今后死难。贤达同时天独啬，士夫明耻国犹安。流光已绝熙丰世，诗卷凭谁共岁寒？’诸宗元《大至阁诗》有五言古诗一章记其事。陈衡恪当日未至，事后有《后山逝日设祭法源寺，余以事未赴，因赋》五古一章，追记其事。先生于7月初即以所绘图寄黄节。黄节于7月5日复信，说：‘朴存先生：奉还劄，并赐绘事……《
三子游草,题跋,其他,1915,三子游草; 武林旧游草,evt_00964,夏，高燮与柳亚子、姚光携眷同游西湖，各有吟咏，归合刊为《三子游草》，应高燮之请，为其《武林旧游草》题耑，并绘图题诗赠之。
分湖归隐图,作画,其他,1915,分湖归隐图,evt_00970,为柳亚子作《分湖归隐图》。
分湖归隐图书后,著述,山水,1915,分湖归隐图书后; 万里浪游图; 分湖归隐记,evt_00971,《分湖归隐图书后》：“凿池蓄水鱼千里，叠石为峰蚁百盘。肯信有人行汗漫，云山无际海波寒。此灵芬山馆题《万里浪游图》句也。亚庐先生自撰《分湖归隐记》，飘零湖海，与郭灵芬同有身世之感。仆亦羁旅人，游踪萍梗，遥望故山，因写斯图，不禁为之累欷已。滨虹黄朴存。”
雷母陈夫人诔,著述,其他,1915,雷母陈夫人诔,evt_00975,上年甲寅七月八日（阳历7月28日）南社社友雷铁崖母亲病殁，冬十一月（阳历12月下旬至本年1月上旬）应柳亚子约，撰《雷母陈夫人诔》，感于时势险恶，有云：“维时江流夜寒，林坰昼暝，风斯霰集，弢此婺采，天道茫昧，夫复奚言！”
丛选,著述,其他,1915,丛选; 薤露,evt_00980,与高燮书：“吹万先生台鉴：天心梦梦，世态若云，侧身尘沤，俛仰乖戾，人生靡乐，如何如何！先生植足清流，宅心醰粹，拯时救俗，汲汲以扶持国学为心，巨识宏议，诚钦诚佩。蒙赐《丛选》，敝处曾得展读初集一册，其余浮湛洪乔，不知楚弓谁得，心感而已。去岁一诵大著，情辞悱然，东坡童呜之吟，西河丧明之恸，知丈夫亦怜少子，惟真性乃有至文，尚祈为道惜躬，庶或与时释念。况复彭殇一致，即今兰亭修禊之辰，有兹著述千秋，亦古《薤露》作歌之志已。仆涂鸦迹劣，粪着佛头，恧赪何极！尊函前由《神州报》馆转交，已逾十日。近敝寓居美界垃圾桥北堍，赁市一廛，曰‘宙合斋’，借以绸缪古懽，晋接时俊，聊以遣日。知注附闻，专此奉覆。敬颂撰安。社小
滨虹草堂集古玺印谱叙,篆刻,篆刻,1916,滨虹草堂集古玺印谱叙,evt_00990,1月25日民国日报刊出《滨虹草堂集古玺印谱叙》。
秦汉丁氏印谱,题跋,篆刻,1916,秦汉丁氏印谱,evt_01019,本年，为丁辅之（仁）《秦汉丁氏印谱》作跋，是书即由西泠印社出版。
秦汉丁氏印谱序,篆刻,篆刻,1916,秦汉丁氏印谱序,evt_01020,《秦汉丁氏印谱序》：“自来言刻印者，盛推西泠，湖山毓秀，诞生名流，诗书泽躬，蔚此蓺事。八家之中，尤以龙泓丁氏称首。盖其宏才硕学，亮节高风，通于缪篆，能集诸家大成，骎骎秦汉，不懈而及乎古。吾友辅之先生，世居西泠，龙泓之族裔也。蟫蠹盈尺，加多秘藏，螭龙制纹，性嗜籀古，搜罗印谱篆刻，美且富矣。暇与同志，创筑西泠印社于西子湖上，春花秋月，觞咏乎四时，商质周文，漱芳于六艺，鸿宝出箧，宾馆题襟，娱赏之乐，于斯为盛。曩曾甄选遗制，海内之士，流览西泠印存，知龙泓者，莫不欣有嗣徽，丁氏之泽，流芳远矣。今且广征秦汉丁姓名印，采择精审，虽遥稽世胄，青史或湮，而昭示来礽，绛云自在，知君之精心毅力，信而好古，有足多焉。
泰岳图,作画,其他,1917,泰岳图,evt_01025,丁巳二月，作《泰岳图》祝康有为六十岁寿。
拟古图,作画,其他,1917,拟古图,evt_01028,约此际，作《拟古图》赠谛部。
汤临泽篆刻润格,篆刻,山水,1917,汤临泽篆刻润格,evt_01034,《汤临泽篆刻润格》：“汤君临泽，少耽绘事，山水花卉，并臻佳妙，而不知其篆刻之精，尤骎骎入于古，上追秦汉，旁及元明。近日求者益众，为订润格，以告知音。  石章每字二角  牙章每字三角  碑版墓志，及小品等件均另议。  收件处 上海望平街有正书局及四马路三山会馆隔壁海上题襟馆书画会。  潘兰史  黄滨虹  狄楚青同启。”（3月31日时报）
涧水林木图,作画,其他,1917,涧水林木图,evt_01045,秋日，为文翰绘《涧水林木图》，署“朴存黄质”。
广阳杂记,著述,人物,1917,广阳杂记,evt_01049,又：“王子丕与周崐来论画曰：‘今人专讲摹仿，与画何与！画天如天，画地如地，画何山川何人物如何山川何人物而已。’李恕谷叹曰：‘依傍门户而忘圣道之本然者，今之画也。明季颜习斋、李恕谷言圣贤实用之学，时称颜李。又以习斋配黄黎洲、顾亭林、王船山，称四大儒。恕谷曾集陈尚孚、陆西明、张潜士、蔡瑞生、周崐来、胡元驭、鲁圣居、张赤城、王子丕于寓，弹琴吹，歌诗讲学，欢燕而罢。赤城帖云：‘是会也，奇才异技，六省之士，萃于一堂。’吾高叔祖确夫先生从大兴刘继庄传习斋之学，著《广阳杂记》，海内尊为巨儒，而与崐来交好尤笃。其后崐来丧于非命，论其画者，至谓所交非正，川泽纳污，致令贤者蒙诟。此不读书之过也。近睹崐来画，用题数
李尹桑印存,篆刻,花鸟,1918,李尹桑印存; 天荒什志,,
校碑图,作画,其他,1918,校碑图,evt_01072,春，为蔡哲夫绘《校碑图》。
汤临泽篆刻润例,篆刻,篆刻,1918,汤临泽篆刻润例,evt_01076,《汤临泽篆刻润例》:”石章每字二角  牙章每字三角  碑版墓志砚铭等均面议  代制朱砂印泥每两二元   收件处  上海望平街有正书局  棋盘街审美书馆  宁波路神州国光社    吴昌石  潘兰史  狄楚青  黄滨虹  邓秋枚  高奇峰代启.”(1918年4月16日时报)
杨华图,作画,其他,1918,杨华图,evt_01088,归沪，为诸贞壮绘《杨华图》，黄节题诗。
优昙花影序,著述,篆刻,1918,优昙花影序,evt_01099,9月7日黄节来信并诗，催撰《优昙花影序》，并告所托转交之印谱与画已交陈师曾等人。
士一居印谱,篆刻,篆刻,1918,士一居印谱,,
红薇感旧图,作画,其他,1919,红薇感旧图,evt_01125,4月2日，傅熊湘致函乞绘《红薇感旧图》，自此往来愈密。
红薇感旧记,题跋,其他,1919,红薇感旧记; 南社; 红薇感旧图,evt_01126,傅熊湘书：“朴存社长先生道鉴：久未会晤，至以为念。春暄伏惟起居万福。弟癸丑之役，曾有《红薇感旧记》一篇，刊《南社》第十一集，所述为避地事，社中题者已得五十余人。兹柳亚子欲为付刊，拟请我公缋一《红薇感旧图》弁首，并乞赐以题句，需之在亟，能否破‘十日画石，五日画水’之例？旧见哲夫倩公所作诸图，极为向往也。社中定六日午后，在徐园雅集，极望一来。此叩文安。弟傅熊湘顿首。”
京锡游草,题跋,其他,1919,京锡游草,evt_01142,高燮题：“筱甫社兄有道得黄宾虹老人画属题，此为己未年余与泾县胡朴安、醴陵傅屯艮同游京口、锡山，当时兴会甚好，三人者各得诗多首，印有《京锡游草》一册，并请宾虹作图二幅，同影印入册内。自经遭乱，吾家藏书长物都尽，而此游草尚于友人处觅得一册，则此画二帧均在焉，其原画流落于外，此其二幅之一也。前日严孟老见此幅于骨董客之手，即驰书称告问要否购回，余以浩劫余生，一贫如洗，力不能收，亦无意收也。今此画乃能归诸吾友筱甫，真得所也，喜可知也。案：己未为民国八年，时余年四十有二，朴安与余同庚，屯艮则少于余数岁，今二君皆久作古人，惟宾虹时年五十四，其画最为精湛，今已八十有七，方息影于西湖之栖霞岭，余亦七十有三，一窝
义田始末,题跋,其他,1919,义田始末,evt_01146,又：“奉接贵函，备蒙教益，上祖宗仁德之义，下全手足友爱之私，环诵再三，心感谢谢。昔吾族念修府君有弟不能劝诫，因自责曰：弟之不驯，吾身教不立耳。顽劣如质，丛尤集咎，其又奚辞！惟念先君忠直好义，乡里所闻，质恒自勉，并欲以此勗诸季，凡于私事无不退让，惧以不谬，始厥考羞。至管义田之事，二弟去年当□携出质前致□文会公夅之函，私心早已筹虑及此。前年风闻盗卖之事，当即驰函与之，而渠置之不答。去年返里，颇欲其开诚布公，质原欲为其弥缝缺陷，法言玉语，无所不至，而渠讳莫如深，乃不得已，而乞诸公查实。私人为公，俱在洞鉴中矣。今承德教，遽捐一二百金为赎回义田之费，私心虽愿，然以宗规之周密，如此轻易取赎，势必愈长恶风。
画征录商兑,著述,篆刻,1919,画征录商兑; 艺林摭谈; 篆刻麈谈; 新画法; 新画训,evt_01155,8月16日，《时报》新设副刊《美术周刊》，聘为主编，撰《画征录商兑》、《艺林摭谈》、《篆刻麈谈》等文数百篇，并改写陈树人译述《新画法》前半画理部分为《新画训》，均刊于周报。
神州国光集,著述,花鸟,1919,神州国光集; 中国名画集; 新安四巧工; 四巧工传; 冰谼杂录,,
说文古籀补,著述,篆刻,1919,说文古籀补; 金石学录补注; 净砚斋艎印录; 弄墨斋藏古玺印印谱,evt_01165,秦更年书：“宾虹先生左右：顷奉手书，悉‘篆刻麈谭’出自巨手，甚盛甚盛。忆戊己之间，南游岭海，道经沪上，曾于邓君秋枚处获奉教言，风尘一瞥，十载于兹，计已不复省记矣。执事博雅好古，专意于三代先秦文字，赓续愙斋《说文古籀补》，所业远大，迥迈时流，若书画篆刻，在公特其余事耳。鄙人奔走天涯，学殖荒落，客居多暇，无以自聊，偶或研求板本，旁及金石古印谱录之辑，实发于近数月间，就敝藏及同志所有，次第甄录，才得十余种。友人宣君古愚近撰《金石学录补注》，曾以此事商之，久未得复，意其醉心泉币，无意及此，我公属有同嗜，倘能于纂述之余，共成其事否？其例以集秦汉古印者为断，首录书题及卷数，不分卷者记册数，次撰人姓名，与夫
篆刻麈谭,篆刻,篆刻,1919,篆刻麈谭; 黄宾虹诗文著作系年; 篆刻麈谭,evt_01166,存考：发信人自称十载未见，上次相见在“戊己之间”，则此信当写于戊午己未之间无疑。发信人称见到报上《篆刻麈谭》而写信给报纸主笔，黄宾虹作了回复，因而信开头就有“顷奉手书”之语。查拙编《黄宾虹诗文著作系年》，《篆刻麈谭》连载最早见于1919年9月2日时报，而秦更年就是看到时报美术周刊才写信询问著者为谁的。
木孙楼图,作画,其他,1919,木孙楼图,evt_01169,冬，为蔡哲夫题广东曲法县南华寺北宋木刻造像拓本，并作《木孙楼图》。
剑父画谱,出版,其他,1920,剑父画谱,evt_01185,6月，高剑父《剑父画谱》由审美书馆发行。版权页刊登广告，中含谱主作品。
红嶶感旧图,著述,山水,1920,红嶶感旧图; 听猿图; 剑胆箫心,evt_01226,姜可生书：“滨虹社督道席：倾倒征君风度久已，汪汪千顷波，未容近挹，宁非缘之悭邪！吾社精六法者，自故人苏子榖怛化，赖公与寒璚（嗜字改为挑手傍）拄风雅，所谓参灵酌玅，画外有情，迥非俗流可望及。曩见君剑《红嶶感旧图》，气均潇洒，烟林清邈，而景落缣素间，直与诗意相参，令人悠然动止中想，展对辄有余趣，空谷佳人，似闻芳躅，缠緜恩怨，自尔千秋，屯艮何幸得之，为之妒羡煞已。比闻辟嚣海上，名山事业，积久弥盛，可湖海流离，十年结客，迺与先生无一面之雅，中情驰结，如何可宣！寒琼近居危城中，益复可念，邮来《听猿图》两帧，为去年属缋者。弟自癸丑之役，落落不合时宜，尝南去悬嶴吊苍水遗祠，鲒琦亭外，一抹斜阳，松岭芝纡，每闻
题襟馆发起书画助振会,书法,书法,1920,题襟馆发起书画助振会,evt_01231,《题襟馆发起书画助振会》：“拯救直鲁豫晋湘陕闽浙各省水旱兵灾，现承海内书画名家慨助墨宝，及鉴藏家什袭珍品，共计二千余件，已发售振券，每张售银五元，约期摇奖，券各有赠。兹将台篆列后：吴昌硕篆书屏、行书屏、画条，何诗孙行书对、行书屏、书屏，康南海书堂幅、联，伊峻斋对联、册页，周雨卿旧画，顾鹤逸画，徐竹贤画中堂，石炽君画中堂，吴铁珊对、中堂，李平书旧书画，程瑶笙画中堂，翁印若画中堂、对，何熙伯扇面书画，曹恂卿书画，管西园书画，郭和庭画中堂、对，赵叔孺对，邹适庐写拓，黄克明书画，沙辅卿画，唐吉生画、对，吴子茹画、对，吴石潜书画，马肿背画，吴东迈篆屏，王一亭书画，叶指发书画，丁辅之印泥（会中印刷品），潘
庆寿图,作画,其他,1921,庆寿图,evt_01243,春，罗惇收到为其母亲作《庆寿图》，书赠集涪翁诗联致谢。
李思训碑,题跋,其他,1921,李思训碑,evt_01245,辛酉三月，罗原觉自北平来沪造访，为跋《李思训碑》。
敦复书室金石记,题跋,书法,1921,敦复书室金石记; 澄观堂书画录,evt_01246,题跋：“北海李思训碑，近今流传海内者，神采飞动，氊蜡精古，宋拓佳本似无逾此。原觉罗君，劬学嗜古，复能较其存字之多，一一为之详考，可称物得其主，筠清诸馆不获专美于前矣，志之以夸眼福。辛酉三月，宾谼。”按：碑帖尚有王国维、朱祖谋、沈曾植等题跋，显为黄宾虹所介绍。碑帖由有正书局出版。罗原觉（1892—1965），一名元觉，原名泽堂，别署恽卢、韬元，广东南海人。毕业于广东高等师范学堂，专攻文史，曾拜康有为、梁启超为师，精鉴别。著有《敦复书室金石记》、《澄观堂书画录》。
黄宾虹先生画集,出版,其他,1921,黄宾虹先生画集,evt_01263,按：画刊于1961年香港出版《黄宾虹先生画集》。
黄山图,作画,山水,1921,黄山图,evt_01264,5月，高燮与金松岑作黄山之游，为作《黄山图》。
金石纪闻,篆刻,篆刻,1921,金石纪闻,evt_01281,进宧《金石纪闻》：“滨虹去岁拟编印谱，以古玺例言七纸见寄，闻将来印谱仍赓续出版，失印均代以石印也。”
寒林远岫图,作画,其他,1922,寒林远岫图,evt_01298,春正月，乡人吴杏芬七十寿辰，登堂祝嘏，与汪律本（鞠友）、汪声远等作《寒林远岫图》以祝。
杏芬老人古稀录,出版,山水,1922,杏芬老人古稀录; 百花图,evt_01299,按：见《杏芬老人古稀录》海上百名家合作第1集。以所据画册残缺，未见其画。其目录有云：“寒林远岫图。汪鞠友画松，黄宾虹添竹石，沈珊若写寒柯，汪声远点寒鸦，杨雪瑶缀溪石，杨雪玖补平远山。” 吴淑娟（1853-1930），自署杏芬女士，安徽歙县人。父鸿勋，曾佐幕曾国藩，以兰竹名世。夫唐昆华，子吉生。工山水花鸟人物虫鱼。曾刊印《百花图》长卷，一时名公巨卿题咏殆遍。参展1910年义大利博览会，得作品为义大利皇后购藏。1915年集生平作品百幅，印珂罗版一巨册。1917年捐作品十幅与协约国红十字会，竞买得款一千七百余元，悉数充赈。
道咸同光名人赤牍,著述,其他,1922,道咸同光名人赤牍; 国朝文录; 明纪; 明纪考异; 文稿,evt_01321,与胡朴安书：“朴安先生大鉴：日昨寄奉叶李善由美洲来函，谅呈览入。近日敝馆属辑《道咸同光名人赤牍》，第一集已付印，现正赓续二集，材料内有陈克家者，自称师桐城姚春木（姚辑《国朝文录》），其祖某撰《明纪》，未成而卒，续成《明纪考异》一书。迹其生平，尝入军幕，又客松江。再韩弼元（韩公忆为友人李公度之岳丈，已函询之）曾庽江宁，主钟山、尊经两院山长，著《文稿》二卷，为兴化友人所刻。长子名景修，次子名景伊。陈、韩二公均未详其官阶爵里生平事略，先生殚见洽闻，赐示甚盼。拙稿日内已分头脱出候寄。此布，专颂著祺。弟质顿首。”
天苏阁图,作画,其他,1922,天苏阁图; 纯飞馆图,evt_01326,秋冬间，为徐珂作《天苏阁图》、《纯飞馆图》。
宾虹画语,著述,其他,1923,宾虹画语,evt_01347,胡韫玉主编《民国日报·国学周刊》来函约稿，为撰《宾虹画语》。
壮悔堂印说,篆刻,篆刻,1923,壮悔堂印说,,
华国,篆刻,山水,1923,华国,evt_01379,10月15，由章太炎为主任之《华国》月刊第二期出版，刊载山水画一帧及古玺印集拓。
海虞山图,作画,其他,1923,海虞山图,evt_01389,作《海虞山图》，写虞山实景。
苏省美术展览会之筹备员会,出版,其他,1924,苏省美术展览会之筹备员会,,
冷香阁图卷,作画,其他,1924,冷香阁图卷; 虎丘探梅图,evt_01402,冒严寒赴虎丘，与邓椿澍、雪葊合作《冷香阁图卷》，并为金天翮作《虎丘探梅图》，诗酒冷香，极一时之乐。
会场读画记略,著述,其他,1924,会场读画记略,evt_01413,3月9日，江苏省美术展览会在上海陆家浜职工教育馆开幕，撰《会场读画记略》介绍之。
一百家画梅,作画,花鸟,1924,一百家画梅; 西泠印社社友题名,evt_01428,按：丁辅之本年初始习绘事，专写松枝梅花，遍索友人画梅，竭数年之力，集为《一百家画梅》，1930年6月份由西泠印社印成二大册出版。此图为黄宾虹花卉最早印入画册中者。黄宾虹为西泠印社社友，戊子（1948）年《西泠印社社友题名》载：“黄质，宾虹，八十六，同治壬戌，安徽歙县，杭州栖霞岭十九号。”其入印社也许不晚于本年，待考。
题菊友滨虹合作卷子,题跋,其他,1924,题菊友滨虹合作卷子,evt_01438,按：齐卢之战发生在9月3日，黄宾虹离沪应在8月份。在贵池期间，留连山光水色，与汪律本书画遣怀。1929年2月1日《湖社月刊》第十五册刊有胡璧城《题菊友滨虹合作卷子》云：“一握京尘逢菊友，三年海市念滨虹。鬓眉枉见虬髯客，名姓应呼亡是公。结习未同鸡鹜食，游人去若马牛风。灯前搁笔论书画，尚有新安二子工。”画卷或即画于此际。
西泠撰杖图,作画,其他,1924,西泠撰杖图,evt_01455,12月19日傅熊湘来信催作《西泠撰杖图》。
东池印集,篆刻,篆刻,1924,东池印集; 西泠撰杖图; 南社湘集,evt_01456,傅熊湘书：“宾虹社长左右：别来无恙，想念弥殷。社友黎君戬园精工篆刻，所出《东池印集》，曾自它处采刊大著，从弟获谂行止，因乞书介，以慰相慕之诚，望赐教为感。又上年求惠写《西泠撰杖图》，并乞暇中一挥，至为企祷。前奉寄《南社湘集》一本，由朴安转寄，到否？此颂著安不一。弟傅熊湘顿首。十一月十五日。”
嘉陵山水图,作画,山水,1925,嘉陵山水图,evt_01461,1月，为易孺作《嘉陵山水图》，题画有云“我从何处得粉本？雨淋墙头月移壁”。
蜀中杂咏,题跋,山水,1925,蜀中杂咏,evt_01462,题跋：“嘉陵山水江上游，一日之迹吴妆收。烟峦浮动恣槃礴，画图挽住千林秋。秋寒瑟瑟窗牖入，唐人缣楮无真迹。我从何处得粉本？雨淋墙头月移壁。甲子冬日写奉大厂先生方家笑正。宾虹画并诗。”按：易大厂（1874—1941），名孺，原名廷熹，字季馥，别署大厂居士，广东鹤山人。早先肄业于广雅书院，中年游学日本。于书画、篆刻、碑版、音韵、文字源流、乐理等无不精研。孙中山任大元帅时，任其秘书。此际息影沪上，创设华南印书社，创制北碑字模。抗战前与黄宾虹兼任暨南大学书画研究会教席。此画刊本年11月出版的《华南新业特刊》，该刊由华南印书社出版，编辑者为易大厂、黄宾虹。题画诗后收入《蜀中杂咏》。
笺诗图,作画,其他,1925,笺诗图; 谢康乐诗注,evt_01463,春，赠黄节、唐天如画，3月14日黄节来信再索作《笺诗图》，并询欲在沪印行新著《谢康乐诗注》事。
谢康乐诗注,著述,其他,1925,谢康乐诗注,,
中国画史馨香录,篆刻,篆刻,1925,中国画史馨香录; 古画微,evt_01468,按：蔼农即黄葆戉（1880—1968），戊一作钺，号青山农。福建长乐人。精隶书，工篆刻，兼善绘画。供职商务印书馆，与黄宾虹同事。《中国画史馨香录》并未再赓续，也许致力于《古画微》的写作，已无暇兼顾。
登高望远图,作画,其他,1925,登高望远图,evt_01473,四月，为郑旼（遗苏）族裔程完心作《登高望远图》。
访碑图,作画,其他,1925,访碑图,evt_01475,约此际，为收藏家刘晦之作《访碑图》。
寿石山房山水润例,作画,山水,1925,寿石山房山水润例,evt_01481,《寿石山房山水润例》：“余威丹女士工画山水，笔意苍秀，功力深厚，直入四王之室，求画者接踵，为定润例如右：堂幅四尺十二元，五尺十六元，六尺廿四元，八尺三十六元。屏条每条照堂幅七折。横披照堂幅加半。斗方、册页、扇面每件尺内者三元。手卷每尺三元。三尺立轴照四尺堂幅八折。以上点景、工细、青绿、泥金均加倍。纸润先惠，约期取件。乙丑年五月，萧蜕公、黄滨虹、汪铎代订。收件处：西门石皮衖亦仁里一号。”
中国名画集,出版,其他,1925,中国名画集; 艺观,,
艺观,出版,其他,1925,艺观; 艺观; 生春红; 鼎脔; 鼎脔,evt_01494,存考：这份章程因宋若婴夫人作为黏贴黄宾虹主编《美术周刊》所撰部份文章的剪报而幸存下来，借此可以揭开艺观学会一些鲜为人知的内情。我们现在看到的翌年出版的《艺观画报》、《艺观》杂志第一集和1929年出版的《艺观》杂志第二期到第六期，原来并非由有正书局和神州国光社出资印行的。它们是集资出版的同人刊物。署名发起人中，既有有正书局主人狄楚青，也有主持过《神州日报》的汪彭年，同时也有黄宾虹的夫人、亲友和学生。学生中有陶明霞（陶鹤亭之女）、虞澹涵（虞洽卿之女）、谈玲君，都是三十年代中国女子书画会成员。有关他们组合的详情没有留下一丝信息。根据后来或显或晦的一些信息，黄宾虹兴学授徒、振兴画学的活动似乎萌发于此际
遗民录,著述,山水,1925,遗民录; 续黄山志; 生春红,evt_01505,与许承尧书：“霁公先生鉴：远荷贲缄，过蒙注饰，恧感恧感。属书楹额，综襍籀篆，希赐教正。歙中一丘一壑，皆入画图，所惜前人著述书籍散佚无存。仆近拟辑徽郡诗人传略，以志乘及诸大家诗文集为蓝本，而邑中先哲诗集不可备致，犹可以轶事想见其为人。我公往还里之日多，如程篁墩、许青岩之《遗民录》，汪扶晨《续黄山志》、江橙里《橙阳杂志》等书，近有所见否？北燕南沪，虽称藏书最多之地，然类皆常见，无可采辑。数年以来，敝行箧中，得明代徽人画迹尚多，今集资刊印一杂志，如有大著诗文关于国故者，尤所企盼。（如经学师承，江、戴诸公佚闻，明代刻书，徽人尤多，能搜集其事亦佳。）惟公勋业彪炳，琐屑不敢奉渎耳。湘中向乐毅（谷）君言敦煌
黄山文殊台图,作画,山水,1925,黄山文殊台图,evt_01515,仲冬，为王雪帆作《黄山文殊台图》。
古画微,著述,其他,1925,古画微,evt_01523,12月，所著《古画微》由上海商务印书馆出版。
万有文库,出版,其他,1925,万有文库; 古画微; 九十杂述; 古画微,evt_01525,按：是书先作为《小说世界丛书》之一发行，继又作为《国学小丛书》、《万有文库》之一再版发行。覊居北平讲学时，曾作增益校订，校订本已收入《黄宾虹文集》。《古画微》因限于小丛书篇幅，较原稿有删减。《九十杂述》云：“《古画微》原稿四册，经商馆小丛书出版，篇幅所限，仅前六篇存原，余多删减，非完本。”
中国金石书画艺观学会小启,题跋,篆刻,1926,中国金石书画艺观学会小启,,
红树室图,作画,其他,1926,红树室图,evt_01555,夏日，为陆丹林作《红树室图》。
浙游纪胜图册,作画,其他,1926,浙游纪胜图册,evt_01558,丙寅夏，为谈月色作《浙游纪胜图册》。
罗振玉王国维往来书信,著述,其他,1926,罗振玉王国维往来书信; 艺观; 艺观; 玺印姓氏征后跋; 艺观,,
东洋美术的精神,题跋,其他,1926,东洋美术的精神; 小启,evt_01585,他在叙述艺观学会宗旨“缅周圣多艺游艺之言，绎东儒客观主观之旨”时，对“东儒主观客观”这句话作了如下注释：“日本泽邨专氏来北京大学论画谓形似是客观，气韵是主观，却从客观的物象事实外表现主观。”按：这里说的“泽邨专氏”，经洪再新兄查征，正确表述应为“泽邨氏”，其全名泽邨专太郎，生于1884年，卒于1930年，泽邨为其姓，专太郎为其名。他是日本东京大学教授，于1923年秋到北京，在北京大学作了《东洋美术的精神》的演讲。演讲由张凤举口译，乌以峰、张元亨记录，刊于翌年出版的北京大学《造形杂志》。远在北京出版的这本不引人瞩目的杂志却引起谱主的关注。是什么引起谱主特别关注的呢？或者说，泽邨专太郎的什么话触动
金文编,著述,其他,1926,金文编,evt_01592,邓尔雅书：“滨虹先生足下：前月获诵手书，以小恙迟迟未覆，伏惟原谅。比想翰墨清娱，起居康健为颂。兹者舍甥容希白（名庚，即著《金文编》者）南归，顷复北上，顺道经沪，拟奉谒高斋，一领大教，属为介绍。舍甥锲而不舍，深愿足下进而教之也。专此，即请台安。弟邓尔顿首。”
拟李晞古江寺图,作画,其他,1926,拟李晞古江寺图,evt_01594,夏，应蔡哲夫转请，为黄般若作《拟李晞古江寺图》。
忆宾虹老人,题跋,山水,1926,忆宾虹老人; 天荒,evt_01596,黄般若《忆宾虹老人》：“我在少年的时候，已很爱画，常常看潘冷残先生所编的《平民画报》、《时事画报》，以致（及）上海出版的《点石斋画报》。那时，我的少梅六叔，也经常替《平民画报》、《时事画报》绘图和编写，所以我也能常常得到潘冷残先生、王秋斋先生、蔡哲夫先生等的指导。潘、王、蔡三位是广东的出版界的前辈，也是书画界的前辈，他们时时谈到宾虹老人的画、宾虹老人的诗文、宾虹老人的收藏。那时我脑海中已经有着宾虹老人的幻象，总希望有一天能拜谒宾虹老人，请他们指导我以书画的方法。潘冷残先生主编的《天荒》杂志里，有宾虹老人的画二三幅，我看到喜极了，蔡哲夫先生特地替我求宾虹画一小幅山水画送给我。那幅山水画，是题着仿
怀黄宾虹先生,出版,其他,1926,怀黄宾虹先生; 鼎脔; 翰墨缘; 鼎脔,evt_04378,3月31日，俞剑华撰《怀黄宾虹先生》刊于《申报》。
鼎脔社举行书画展览,出版,书法,1926,鼎脔社举行书画展览,,
鼎脔同人书画展览会纪念册,出版,其他,1926,鼎脔同人书画展览会纪念册,evt_01613,按：展览会后，出版《鼎脔同人书画展览会纪念册》，收齐白石、黄宾虹等人作品十三帧。
篝镫纺读图,作画,其他,1927,篝镫纺读图,evt_01615,春，为陆丹林作《篝镫纺读图》。
勘书图,作画,其他,1927,勘书图,evt_01628,徐积余赠精刻影宋善本永嘉四灵诗，作《勘书图》报之。
续方言又补,著述,其他,1927,续方言又补; 云仙散录札记; 吴越春秋札记; 积余斋藏书志,,
练滨草堂图,作画,其他,1927,练滨草堂图,evt_01636,夏日，为巴慰祖族裔巴叔海订润例，并作《练滨草堂图》赠之。
巴叔海润例,作画,山水,1927,巴叔海润例,evt_01637,《巴叔海润例》：“巴君叔海，新安巴予藉先生之族裔也。髫龄蜚声庠序，壮游四方，工篆隶书，善画山水，兼精篆刻，妙有四香堂之遗风。近以求者日繁，应接不暇，爰为代订润例，鉴者谅焉。（中略）丁卯夏日，黄宾虹订于上海。”
寿石山房画例,作画,山水,1927,寿石山房画例,evt_01641,《寿石山房画例》：“余威丹女士工画山水，笔意苍劲，功力深厚，直入四王之室，求画者接踵，为定润例如下：（略）黄宾虹、萧蜕公、汪声远代定。”
陈巨来篆刻,篆刻,篆刻,1927,陈巨来篆刻,evt_01644,《陈巨来篆刻》：“陈君巨来，年少笃学，雅好篆刻，从四明赵叔孺先生游，艺益古隽，上自秦、两汉、宋元，下及徽、浙诸派，靡不得其神髓，视近之貌为奇古谲觚炫世者，途径迥别，当代识者，若王胜之、褚礼堂、高野侯、丁辅之、黄宾虹、吴湖帆诸先生等尤为心折，赞美备至。下列数印（略），为陈君印作。收件处：上海南成都路善乐坊七百零七号陈寓、朵云轩及九华堂（厚记）。”（8月10日申报）
出版界消息—金石书画家小传二集编就,出版,其他,1927,出版界消息—金石书画家小传二集编就,,
池州青玉峡,作画,其他,1927,池州青玉峡; 池阳待闸,evt_01652,约此际，画《池州青玉峡》图，书《池阳待闸》诗合璧扇页寄赠陈直。
记神州国光社的代表性出版物,出版,篆刻,1928,记神州国光社的代表性出版物; 十月; 铁甲列车; 中国社会史论战,evt_01664,郑逸梅《记神州国光社的代表性出版物》：“上海神州国光社，最初是由邓秋枚和黄宾虹所组织的，它所刊行的大都是历代书画、碑帖、金石、印谱一类的书。……1928年，神州国光社以四万元的代价让给陈铭枢，改出社会科学新书，发刊《读书杂志》、《文化杂志》、《十月》、《铁甲列车》，又出了《中国社会史论战》四大册。该社当时较有代表性的出版物要推《中国内乱外祸历史丛书》了，初版刊印，首冠蔡元培的总序。”
烂漫社同人画册第一集,出版,其他,1928,烂漫社同人画册第一集,evt_01680,春，与张善孖、张大千、马骀、俞剑华、熊松泉、陈刚叔、蔡逸民等组织烂漫画社，被推为社长，陈刚叔副之，集资出版《烂漫社同人画册第一集》。
采石矶图,作画,其他,1928,采石矶图,evt_01692,戊辰三月，为张𬤊斋作《采石矶图》。
玉愚画趣,出版,山水,1928,玉愚画趣,,
陶冷月年表,篆刻,篆刻,1928,陶冷月年表,evt_01705,陶为衍《陶冷月年表》1928年条：“（陶冷月）受聘暨南大学中国艺术系主任。由徐悲鸿函荐，聘任黄宾虹为中国画史教授，汤安为金石篆刻教授。春，与暨大同事黄宾虹、王云僧、钱云鹤游无锡梅园。”
示同学诸子,著述,其他,1928,示同学诸子,evt_01721,与陈柱书：“守玄先生大鉴：顷读手教，并誊写版印大著《示同学诸子》三首，捧读再四，倾佩无似。古云‘非静无以成学’，又云‘敬业乐群’，柳诚悬‘心正则笔正’之语，万世不易。画中北苑、大痴，所贵中锋。鄙人近悟一用笔之理，尝见汽车连轴行铁轨上，远观似甚缓，缓而不滞，近观则电掣风驰，迅速而不浮动，若徐若疾，圆转自如，虽动而静，可悟静之理。四通八达之衢，轮蹏辐凑，往来如织，而经纬错综，不相倾轧。书法中所称担夫争道，争中有让，即画中之布白法；争而后有气，气愈足则让处皆是力。晋宋画已有如虫啮木，自然成文之妙。晋魏人写经，最得斯恉。唐人有意让匀，即为失之。宋至苏、米，明争暗让，古法犹存。清代书家，知之已鲜，画更无
天马观画记,作画,山水,1928,天马观画记; 疏林远岫; 达摩出山; 太华揽胜; 听松图,evt_01728,俞剑华《天马观画记》：“天马会近在宁波同乡会开第九届展览会，内分中国画、西洋画、摄影、雕刻四种。余日前特往参观，今将感想所及，拉杂述之于下：一、全体作品鸟瞰。就全体作品观察，似乎无大进步，杰作未免太少，滥作未免太多。中国画数量虽多，人数亦极伙，然能惬人意者不过十之二三，西洋画则数量既少，精彩更鲜，老作家已洗笔改行，新作家尚未成熟，虽不无一二幅合作，然提倡西画已及二十年，结果不过如此，未免令人气短。惟摄影似有急足之进步，而雕刻则绝无仅有，祇佛像三尊、图章拓片数方而已，幸有平泉书屋所藏古画加入展览，时有精品以资点缀，为之生色不少。一、我所认为杰作者。山水中童啸秋君《疏林远岫》，笔意古雅，非庸手可及
今年之天马会,题跋,山水,1928,今年之天马会,,
广西大学筹备员过港记,作画,山水,1928,广西大学筹备员过港记; 宾虹藏印; 古画微,evt_01742,橄榄《广西大学筹备员过港记》：“广西大学筹备员马君武、陈柱尊，及暑期讲习会讲师陈钟凡、黄宾虹、白鹏飞、陈钦仁、丘景尼、唐庆增、姜琦、马名海及其夫人等，于八号、九号先后来港转轮赴梧。到港时，黎工佽、杜其章二君设宴于南园，马君武、白鹏飞数君于席次挥毫题字贻《非非画报》，老画家黄宾虹亦走笔作山水两帧，一贻杜其章，一贻黄般若君。席间有叩马君武君以广西大学之筹备之经过，略谓广西大学校舍已决定在梧州，现仍在建筑中，筹备于今年十月间开学，此次返桂筹备一切，并请国内学者往桂讲学，顺道一游桂林，一月后即赴广州云云。是日马君武、马名海二君，即转乘梧港轮赴梧，而黄宾虹诸教授等则留港一二日。黄君宾虹以南社之关系，与邓
传略,题跋,其他,1928,传略,evt_01745,按：黎工佽，陈柱之女陈松英1936年为撰《传略》云：“黎耦斋先生，字耦斋，广西宁明人。谅直负意气。初擅墨菊，萧踈雅澹，在白阳、克庵之间。及与黄宾虹、邓芬、高剑父、张谷雏先生为友，时以道艺相砥砺，技大进，下笔淋漓恣肆，奇趣侧出。近旁及禽鱼，纵逸如青藤、八大，倜傥象外。自来吾粤操觚者，多枯守成法，门户之见颇深，惟先生翺翔乎诸家，落落自喜，独与众异。先生在香港主持报政多年，与家大人友善。家大人每过香港必相见，见必把酒论艺。余民国二十一年春，随家大人来沪，道过香港，因得识先生。先生尝累以画赠家大人。去年（1935）夏，家大人与黄宾虹、冯振心先生到港，先生亦以画扇相赠，并请家大人题所藏李芸阁藤花长卷，意
府江道路考,著述,其他,1928,府江道路考; 岭南风物记; 蚕尾集; 桂海虞衡志,evt_01750,《桂游日记》：“漓江又名府江，至桂林八百里，有三百六十滩。明万历时，既辟陆路，治道造桥，募土舍，费仲拙制三角船千觔飞撞五爪龙蜈蜙铲诸器，役峒兵乘天寒水落，开辟险滩，计历三冬春，戊己之际，藤湾、雷霹、检窖、龙口平，己庚之际，此滩、上仰、福登、穴口平，庚辛之际，永滩、浪滩、长滩、廖滩、小背、金鸡、猪牙、鼈州、六水、闹滩平，凡晤平、平乐两县境，均无梗阻，上而阳朔下而苍梧，少险滩焉 。按千顷堂书目载，明郭棐著《府江道路考》一卷，黄虞稷曰：万历丙戌年为宪使，集今不可见。四库全书目，吴绮撰《岭南风物记》一卷，宋俊增补，江闿删订。王士祯《蚕尾集》书缩头道人事一篇，称门人新安江闿辰六是吴江皆安徽人。（？）绮本
八桂豪游图,作画,山水,1928,八桂豪游图,evt_01771,讲学期间，笔墨酬应，求者踵接。为陈柱作《八桂豪游图》山水长卷。
画梅,作画,其他,1928,画梅; 艺林,evt_01793,谈月色自题《画梅》：“戊辰秋仲，宾虹师桂林返棹，道出珠江，造访赁庑，亲授用笔用墨之法，因悟得此。己巳夏五，画寄《艺林》。蔡谈溶之月色。”（《艺林旬刊》第六十七期）
李铁夫失黄宾虹画（长风）,作画,山水,1928,李铁夫失黄宾虹画（长风）,evt_01795,《李铁夫失黄宾虹画（长风）》：“近世习艺 术辈，每多习欧西派者，则抨击国粹派为落后，师古法者则排欧西派为忘本，惟鹤山画师李铁夫则无此论也。铁夫幼年爱好美术，求学时已能作山水人物，及长，赴 英美法留学，专研西洋美术，游于世界画师沙剪车士之门凡十数年，定（静）物人像之作品，均有精到处，虽欧洲人士莫不推崇备至。铁夫虽精欧西画艺，但对国画 绝口从不诋毁一言，且对唐宋古派，犹深爱赏览，无时下画人轻佻态，盖其有学术修养，有以致之。民国二十年（按：应为十七年），铁夫以倦游归国，止于洋石。 时适上海国画名家黄宾虹慕桂林阳朔山水之胜，买棹南来，由广东而道经入桂。抵穗时，有某名人之介绍而识铁夫，黄李二人各有相见恨
族祖凤六山人画潭渡村图诗跋,著述,篆刻,1928,族祖凤六山人画潭渡村图诗跋; 先德录; 字诂; 义府; 印人传,,
溪山独钓图,作画,山水,1928,溪山独钓图,evt_01809,秋，题陶冷月新作《溪山独钓图》。
漓江山色图,作画,其他,1928,漓江山色图,evt_01811,为陶冷月绘《漓江山色图》。
机丝夜月图题咏集,作画,其他,1928,机丝夜月图题咏集; 机丝夜月图; 金缕词,,
高节孝李太夫人哀思录,题跋,其他,1928,高节孝李太夫人哀思录,evt_01819,10月25日，高燮之母李太夫人病殁，请为《高节孝李太夫人哀思录》题耑。
中国美术之商略,题跋,其他,1928,中国美术之商略,evt_01821,10月31日晚，应俭德储蓄会之邀作题为《中国美术之商略》之公开演讲。
秋英先参记,作画,山水,1928,秋英先参记; 麻姑; 兰草; 西府海棠; 双柳簃图,,
餐英盛会记,作画,山水,1928,餐英盛会记,evt_01832,民生《餐英盛会记》：“昨日（12日）为秋英会第一次书画金石展览会之第四日，预约定是日下午六时全体同人聚餐，并于餐前合作书画，到者寿芝、春澍、公展、逸民、冷月、惜庵、六阳、介堪、孟容、声远、一亭、澹涵、辛壶、云鹤、剑华、大千、善孖、亚青、陶民、寄凡、子鼎、玉岑、曼青、半跛、德怡、慕唐、公禺、师子、公冶、英宾、企周、哲惠、仲谋、屠格、个簃、素庵、博亭、吉生、杏芬、瘦铁、苇佛、臼厂、铁年、海粟、仲熙、青霞、雪泥、无声、万里、浩然五十余人，即席成四尺中堂九秋图两帧，一帧全属菊花，墨笔彩色，光怪陆离，错杂成趣。此外山水、人物、花鸟无一不备，而爱山水者有时转画花卉，画人物者转画山水，玩一出倒串戏，别生高趣
秋英会读画记,作画,山水,1928,秋英会读画记; 秋山行旅图; 松风泉韵图; 柳岸; 大士像,,
秋英会之宴,题跋,其他,1928,秋英会之宴,,
沪上画人集绘记,作画,其他,1928,沪上画人集绘记,evt_01839,冥飞《沪上画人集绘记》：“冥飞去沪年许，比来始言归。国内画家多集于此，且有秋英社之组织云。十月既望后一日，偶至大西路两宜里汪英宾所。院落中方陈鼓吹，则其太翁禹丞值五十有九初度。冥飞谊属通家，而未之前闻，仓卒客乃以两肩荷一口者为仪焉。于是画人至者：王师子、王个簃、王匋民、方介堪、朱凤竹、朱应鹏、朱群园、沈益斋、李祖韩、李秋君兄妹、吴仲熙、吴青霞父女、符铁年、张善孖、张聿光、唐吉生、俞剑华、汤临泽、杨清磬、黄宾虹、陶冷月、奚屠格、曾公冶、马万里、马企周、马孟容、马公禺、蔡逸民、楼辛壶、熊松泉、郑曼青、郑午昌、萧厔泉、钱瘦铁、钱云鹤、谢公展、谢玉岑，都为二十七人。方分成数案，调铅殽粉，挥毫落纸，有数
秋夜感怀,题跋,山水,1928,秋夜感怀,,
神州大观续编,出版,其他,1928,神州大观续编; 神州大观,evt_01846,《神州大观续编》优待预定广告：“△黄宾虹主编△上海神州国光社出版本社前出版《神州大观》早已脍炙人口，现出续编，改为月刊，其内容之丰富，印刷之精良，均较前编益求进步。兹为优待美术界起见，减低定价，发售预定。本集六大特色如左：（一）内容：每集精选历代名画法书真迹凡十四帧。（二）印刷：用珂版精印，自第四集起，每集并加印四色套珂版一帧，与真迹丝毫不爽，尤为难得。（三）纸料：选用上等夹贡纸，封面用柿青纸，完全国货。（四）书式：书长凡十五英寸，阔十一英寸，绝无版小模糊之弊。（五）装订：用四线精订，古雅美观。（六）价格：为提倡美术，优待读者起见，特别减低价格，价目如左：（略）”
自习画谱大全,作画,其他,1928,自习画谱大全,evt_01848,12月，马骀（企周）编绘《自习画谱大全》由世界书局发售预约。
中国学术讨论,作画,山水,1928,中国学术讨论,evt_01850,12月，陈柱主编《中国学术讨论》第二集由群众图书公司发行，刊所绘山水画一幅于首页。
载酒园诗话,著述,其他,1928,载酒园诗话; 皱水轩词筌; 一木堂集,evt_01857,诸贞壮序云：“贺黄公《载酒园诗话》二种，附《皱水轩词筌》，吾大至阁中旧藏也。卷端有歙县黄白山先生手书评语，每则并钤以小印。宗元但知先生为胜明遗老，不仕于清，好小学训诂，开其乡江、戴二氏之先，所著《一木堂集》曾被禁毁，初不知为吾友宾虹之远祖也。戊辰之岁，同宾虹遇于上海，出书与观，宾虹假以录副。”
中国学会成立大会纪,出版,其他,1929,中国学会成立大会纪,evt_01860,《中国学会成立大会纪》：“中国学会发起，甫经两月，海内学者来函加入者达八十余人，爰于元旦日假俭德会开成立大会，到者有姚明𪸩、胡朴安、谭禅生、胡惠生、李续川、吕志伊、庞青城、胡寄尘、闻野鹤、周予同、徐蔚南、陈柱尊、叶恭绰、田桐、伍仲文、郭步陶、严濬宣、陈乃干、朱香晚、俞凤宾、范子美、姚石子、周迪前、高君定、黄宾虹等数十人，当推胡朴安主席，由谭禅生记录，讨论会章，通过并推定胡朴安为编撰部主任干事。闻该会另行组织一出版部，印刷及发行本会各种刊物，并代会员印刷及发行各种书籍，并代会员访购各种书报等。闻该会入会不需会费，由会员二人介绍即可为会员，通信处暂假新闸路六三七号云。”（1月4日申报）
上海的学艺团体·中国学会,出版,其他,1929,上海的学艺团体·中国学会,evt_01861,胡寄尘《上海的学艺团体·中国学会》：“中国学会为胡朴安、姚石子、陈乃干于1928年（民国十七年）1月1日假老靶子路俭德会开成立大会，此时加入会中的已有八十余人。该日到会的有二十六人，其前于右任、叶恭绰、马叙伦、蒋观云诸人均有来函，对于会名及入会资格问题，所有提议，开会时将函件依次传观，并将章程分别讨论、议决、定名为中国学会，简章逐条修改、通过。在开成立大会以前，已先出《中国学术周刊》一种，附《时事新报》发行，中间约停止一年。1931年（民国二十年）起复刊，改附《民国日报》发行，至1932年（民国二十一年）‘一·二八’中日战前，《民国日报》被迫停版，周刊也连带停止，先后加入的会员约三百人（据19
中国学会简章,出版,其他,1929,中国学会简章,evt_01863,《中国学会简章》：“第一条：本会以研究中国学术，发扬民族精神为宗旨。第二条：凡志愿研究中国学术者，经会员二人之介绍，得为中国学会会员。第三条：会员研究中国学术有相当贡献者，其著作品得由本会出版部发表，但会员各得保留其著作权。第四条：本会设编撰、讲演、会务三部，每部推一干事主任之。第五条：本会另行组织一出版部，发行周刊及书册等，其资本以公司章程召集之，本会会员有优先入股之权。第六条：出版部之规章另定之。第七条：凡本会会员有委托本会出版部发行著作，及购买出版部出版品优待之权利。第八条：每年常会二次，由会务干事通知之。第九条：临时会不限次数，关于学术之讨论，由会员二人以上之提议，经主任干事召集之。第
二俞、张、王国画展览小志,题跋,山水,1929,二俞、张、王国画展览小志; 西厢; 夏承; 石门颂,,
寒之友集会读画绝句,作画,山水,1929,寒之友集会读画绝句; 瑶池一角; 芙蓉松石; 双梅; 五清,,
二美宴记,作画,山水,1929,二美宴记; 红楼梦,evt_01875,俞剑华《二美宴记》：“二美宴者，非美人之宴，乃美术界之宴也。月之二十一日经子渊、陈树人、李祖韩三君为何香凝女士募画事，宴海上画家二十余人于卡德路李宅，二十二日为神州国光社黄宾虹先生宴海上美术界、报界、文艺界百余人于大东酒楼。两宴不佞均幸参末席，以其于中国美术界有重大之关系，故于酒后拉杂记之。何香凝女士为先烈廖仲恺先生夫人，工书善画，仲恺殉难后，在广东立一仲恺蚕桑学校，以资纪念。现该校经费不足，何女士拟于两月后赴洋募捐，为捐募便利，且可将中国艺术博览于世界起见，拟征求画家作品，以期一举两得。是日虽仓卒召请，且寒风苦雨，而到者尚极踊跃，计有商笙伯、张红薇、郑曼青、方介堪、马孟容、秦清曾、沈子丞、张
自叙,篆刻,篆刻,1929,自叙; 印说; 宾虹藏印二集,evt_01883,《自叙》：“余旅食沪壖垂二十年，戢影尘淄，古懽遣日，金石文字，昕夕摩挲，惟于鈢印，尤所酷好，屡失屡得，可千百计。道因器存，有三善焉。殷商贞卜，周秦鼎彝，考释诸书，日益繁浩，说文古籀，汗简石经，七国古文，湮没已久。昔著竹帛，嬗变隶楷，今存镂刻，矩矱先民，䌷绎简编，足资征引，其善一也。篆分大小，禀训斯、冰，碑碣留遗，风雨剥蚀。古印出土，如发新硎。画以肖形，字多异体，方圆奇正，可助挥豪，其善二也。阳款阴识，间白分朱，制别官私，质殊金玉。立亭覆斗，细侔筑坛，驼虎龟蛇，状兼各兽。子母穿带，急就回文，凿铸异宜，犹瞻制作，其善三也。鉴此三善，务祛四弊。一曰习见。部曲军侯，刘胜任贺，累累数十，如出一笵，印谱传
葱岭,著述,其他,1929,葱岭; 六法感言,evt_01887,为上海美术专门学校新创办之校刊《葱岭》题署，并撰《六法感言》刊于第二期。
大风堂观画记,题跋,山水,1929,大风堂观画记; 仿王孟端山水; 红树青山图; 白描仕女; 天目龙凤图,,
艺苑春宴集画记,题跋,山水,1929,艺苑春宴集画记,evt_01894,玉《艺苑春宴集画记》：“三月三日正午，沪西林荫路艺苑绘画研究所有盛大之宴会，由创办人江小鹣、王济远、朱屺瞻、张辰伯四氏柬邀海上文艺界名流，到会者有王一亭、陈树人、何香凝、经亨颐、徐志摩、邵洵美、周瘦鹃、丁悚、陈小蝶、吴湖帆、李祖韩、李秋君、唐蕴玉、金启静、张聿光、方介堪、黄宾虹、俞剑华、王陶民、狄平子、钱瘦铁、王师子、商笙伯、沈子丞、邱代明、王远勃、吴仲熊、张大千、张善孖、马孟容、楼辛壶、郑午昌、李毅士、郑曼青、胡伯翔、张光宇、卷施老人、马万里等五十余名家。艺苑作长厢楼，原为江、王二氏旧居，今辟中西画室八大间，陈列现代名家中西杰作，其最大一室，为作人体写生，四壁油色累累，裸体画与国画并陈。室内
中国艺术学会简章,著述,其他,1929,中国艺术学会简章; 艺观; 艺观,evt_01905,《中国艺术学会简章》：“一、定名本会定名为中国艺术学会。二、宗旨本会以研究中国金石、书画、文字、西洋绘画、雕刻及其他艺术为宗旨。三、组织本会暂设总务、编辑、研究三部分，分别办理本会一切事宜。四、会员凡有志研究中国艺术照章纳费者，均得为本会会员。五、会费名誉会员每年会费十元，普通会员每年三元。六、集会（甲）会员大会：由本会视会员之利便，随时通告召集之。（乙）讲演会：由本会随时召集，随时通告召集之。（丙）展览会：每年举行一次。七、刊物（甲）定期刊物：本会现已出版《艺观》杂志一种，以后更拟出版其他关于艺术之杂志。（乙）本会除出版上述之杂志外，并拟搜集关于艺术之材料，分别出版各项图书。八、会员之权利（
全国美展会第二日之盛况,著述,其他,1929,全国美展会第二日之盛况; 美展,evt_01909,《全国美展会第二日之盛况》：“昨日（十一日）系国货路教育部全国美术展览开会之第二日，其盛况不下于开幕之日，如蔡孑民、何香凝、陈树人等人，皆先后莅至，流连于陈列室，不忍遽去。闻蔡孑民对于该会出版之《美展》三日刊极为赞美，临行时曾担任逐期撰稿。（下略）”（4月12日申报）
美展,出版,其他,1929,美展; 画家品格之区异,evt_01915,同日，全国美展三日刊《美展》第一期发行，《画家品格之区异》刊其上。
教育部全国美术展览会上海美术专门学校国画系教授出品,出版,其他,1929,教育部全国美术展览会上海美术专门学校国画系教授出品; 桂林叠彩山图,,
山水,出版,山水,1929,山水,evt_01919,同日，《美术界特刊》由生生美术公司出版发行，收入戊辰年所作《山水》一帧。
漓江纪游,书法,其他,1929,漓江纪游,evt_01923,约此际，为王春渠书《漓江纪游》。
凭虚取神跖实取力——黄宾虹画学的虚实之变,题跋,山水,1929,凭虚取神跖实取力——黄宾虹画学的虚实之变; 虚与实; 虚与实; 宾虹论画; 宾虹论画,evt_01935,拙文《凭虚取神跖实取力——黄宾虹画学的虚实之变》：“与其说，以其浑厚华滋面貌特异的作品贡献给艺林，毋宁说，黄宾虹更侧重以蕴含中国古代哲理的画学智慧寻求中国画的再生。在欧风东渐大浪潮的冲击下，疲而乏力的、被日蹙的生计拖累得无暇自顾的画坛陷入无所措手的逆境。于是，有识之士开始思考中国画的未来。较之应对的第一反应走‘以夷变夏’或‘中西融合’易于为功的道路，黄宾虹选择了一条更为险峻，也更为苦涩的道路。当中国画坛领受‘山雨欲来风满楼’之前的1906年，高剑父、高奇峰兄弟在日本举办了旨在‘融中、日、西’为一体的‘绘画革命’的展示。无疑，这是以明晰思辨为特征的中国画家应变的先声，是中国近现代画史上的重要事件
写真秘诀,题跋,山水,1929,写真秘诀; 六法感言; 国画之民学; 画学肊谈; 虚与实,evt_01949,‘艺之至者，多合自然，此所谓道。’在充满画法阐发的体系结构中，我们遭遇了中国传统哲学。‘道’是中国传统哲学中具有根本性的概念。难以穷尽的多义性，使它很难用语言文字将它像蝴蝶标本一样‘钉’到纸面上。它既是宇宙万物的本原，又是事物矛盾运动的规律，‘无’、‘理’、‘太极’、‘气’等等都是对‘道’的引申和解读。平心而论，在古人画论里，已经屡屡触及到哲理，有极为精彩的论述。重神似，重气韵，是中国画论的传统，哪怕在画风萎靡不振的清代，也不乏精辟之论。范玑就说过：‘画有虚处，虚处明，实处无不明矣。人知无笔墨处为虚，不知实处也不离虚。……更不知无笔墨处也是实，盖笔墨虽未到，其意已到也。瓯香馆所谓虚处实，则通体
艺观学会征集同人小启,题跋,其他,1929,艺观学会征集同人小启; 虚与实; 宾虹论画; 虚与实; 虚与实,,
畏斋雅集图卷,作画,其他,1929,畏斋雅集图卷,evt_01952,首夏，刘公鲁招饮寓斋，同集者十余人，尽欢而散，为作《畏斋雅集图卷》。
雅集图,作画,其他,1929,雅集图,evt_01953,与刘公鲁书：“公鲁先生大鉴：日昨惠临，失迓为歉。承假金元玉、徐天池法书，程青溪、袁随园画卷，郙阁颂、禹窆两搨，共六件，先谨奉赵，两种仍在陈淮生君处，闻将由渠面谢。拙作《雅集图》先此拟稿博笑，容暇点染设色为之，再当奉上。印件为摄影，迟延鉴原是荷。专肃鸣谢，祗候道绥。弟黄宾虹顿首。”
雅䜩,作画,其他,1929,雅䜩; 云汉图; 北风图,evt_01963,松厂《雅䜩》：“前夕曾农髯、符铁年与罗杰大䜩海上书画家于一品香菜社，盖为群治大学建筑新校舍，拟募集各名家书画，售充经费也。到者有商笙伯、黄宾虹、许征白、马孟容、马公愚、谢公展、谢介子、郑曼青、萧厔泉、张红薇、张善孖、张大千、俞剑华、陈刚叔等五十余人，济济一堂，觥筹交错，谈笑风生，有可纪者，爰录一二如次。△曾农髯精神矍铄农髯老人，为海上书画家年事最高者，须发皤然，而精神不衰。是夕，执主人礼，对客酬酢，备极殷勤，略无倦容。自古艺术家多寿康，观于此老益信。△谢公展大吹喇叭谢公展有演说天才，而声音宏亮，有称之为谢喇叭者，每一启齿，必惊四座。罗杰请其代表致词，口若悬河，而掌声雷动矣。△张大千食不下咽张大
中华画人表,著述,山水,1929,中华画人表; 国光集,evt_01970,孙濌书：“宾虹前辈钧鉴：顷奉谕，欢喜。承惠书未到，先此鸣谢。《美术丛书》初、二、三集，不知何时重刊始克出世？已寄款定购，预约券望寄下。第四集打算出版否？兹寄上《山水纯全集》五卷抄本，看可用否？（如不要，望仍寄还）拙著《中华画人表》正在清稿，容后呈政。此表计二万余人，濌用功蔚年，幸能脱第一次草，俟修理完，即亲自带到沪请教正。比来广西政变，报务已辞去不就矣，拟路通出桂，恳前辈在沪谋一栖身处，最好贵社编辑《美术丛书》要校对，濌自问生平于美术书籍看过最多，如画史、画录等书，几无不见过，现家藏者亦不下数百余种，将来拟择善本带来沪也。濌做事无奢望，祇要性之所近，虽劳苦不辞。尤喜游历，回桂已六七年，时想外出
林散之,作画,山水,1929,林散之; 陶渊明醉酒图,evt_01975,林昌庚等《林散之》：“一日，父亲（按：林散之）作《陶渊明醉酒图》，颇自得，持呈张栗庵先生。张先生语重心长地对父亲说：‘你现在对古诗文词已有所悟，夙所秉承而能进其所介，惟六法之道非可臆造，开导点化，是在真师，切不能骛于虚名，入歧途，空渡岁月。吾友黄宾虹，海内名宿，可往师之。’父亲闻之竦然，毅然辞去在范期琨家的教书工作，去上海投师黄宾虹。……父亲去上海前，精心临绘了十几幅山水、人物画，带了一些钱和换洗衣服，持张栗庵先生介绍信于1929年春末去上海。……黄先生重情义，对安徽来求学的倍觉亲切；加上父亲是张栗庵介绍来的，更是热情接待。父亲怀着诚惶诚恐的心情将所带的画呈给黄先生，黄先生见父亲朴实憨厚的举止
志美专师弟画展,篆刻,山水,1929,志美专师弟画展,evt_01982,俞剑华《志美专师弟画展》：“学者以古人为师，往往费数十年之功，未必有成，以今人为师，其优秀者于期年之间，便可形神逼肖。其故在于用笔运墨之法，可以面授，较之自行钻研者，自有事半功倍之效。此学者之必务得名师也，斯言观于美专师弟画展而益信。美专国画尚未甚重，自郑曼青主任后，不但画风丕变，而来学者亦日众。近更广揽名流，任为教授，学者亦奋勉不懈，故其成绩斐然可观，于近日开师弟子展览会于宁波同乡会。端午后一日，偕黄宾虹先生往观。其中教授作品如笙伯、企周、宾虹、善孖、大千、辛壶、征白、万里、介堪、午昌、孟容、曼青诸公，皆系海上名画家，其作品早已有目共赏，勿俟喋喋。学生之画，则酷似其师，一望而知其为某人之弟子
评美专师弟展览会,篆刻,山水,1929,评美专师弟展览会; 绮秋图; 书谱,,
张大千、俞剑华东游,作画,山水,1929,张大千、俞剑华东游; 书谱; 中国画家人名辞典,evt_02001,《张大千、俞剑华东游》：“海上书画家张大千、俞剑华君，张大千画学石涛、八大、白阳，书则各体俱能，制印古劲，尤富收藏，精鉴赏，与乃兄善孖并称‘二难’。俞剑华笔墨豪健古雅，近年山水专攻半千，偶作花卉，不名一家，出入白阳、复堂、石涛之间而别具面貌，字亦各体具备，尤长钟鼎与《书谱》，所辑《中国画家人名辞典》，搜罗宏富，编制精详，现已由神州国光社出版（按：此条消息不确）。兹二君将于27日相偕东渡作三岛之游，大千并携其夫人及高足胡若思，至东京后，拟开一展览会，然后再赴各处游历云。”（7月29日申报）
画法要录,著述,其他,1929,画法要录,evt_02028,余绍宋书：“宾虹先生惠詧：承教并蒙赐书画，感谢不可言，稍闲自当作画奉正于方家，兼答雅爱。在沪辱招䜩，且得饫观宝藏，至今感念，惜未能时来海上常亲教益也。晦闻不愿受北京大学之聘，欲于上海鬻书以自给，来书甚望兄与秋湄为之设法，不审已与秋湄商及否？如何，希迳函晦公言之。拙著《画法要录》所征引之书未备，近撰书画书籍提要，捜得之书甚多，大约年终可以出版，其中有数十种书稀见者，亟须翻印，以广其传。兄欲续辑《美术丛书》，自是当务之急，所拟续辑书目，可否饬抄一纸寄示，弟当贡其一得之愚，或尚能为执事补觅一二孤本也。弟于现印之《美术丛书》亦有提要，既承以兹事商及，敢录拙稿奉览。作此提要时，尚未见报载重印，故望重印时
海庐雅䜩,题跋,其他,1929,海庐雅䜩,evt_02033,悲厂《海庐雅䜩》：“经亨颐、陈树人、何香凝于月前会宴海上艺术名流于海庐，到者有王一亭、曾农髯、商笙伯、黄宾虹、楼辛壶、马孟容、马公愚、张大千、张善孖、郑曼青、郑午昌、张红薇等书画家三十余人，一时群贤毕集，谈笑风生，雅事流传，足资谈助，略志一二如次。△画兴勃发几席之间，素笺柔翰，与肴果杯盘，纷然杂陈。饮至半酣，主宾竞起，调色挥毫，写意写生，或工或粗，莫不酣畅淋漓，涉笔成趣。俄顷之间，璀璨琳琅，烂然满目矣。王一亭最后至，而所作独多，为经夫人绘观音大士一帧，尤为高古超逸，迥异凡笔。此老画兴，当以是日为最豪矣。△特别妆奁经之女公子二，长已及筓，幼方舞勺，慧中秀外，风雅兴成，持纸便索诸宾书画，珍重收藏，
山水画法类编,著述,山水,1929,山水画法类编; 画法辑要; 画史汇传; 类编,evt_02047,与林散之书：“散之先生大鉴：前奉手书并尊辑《山水画法类编》，觥觥大集，无任钦佩。适因弟往贵池，月初甫返，裁答稽迟，歉甚歉甚。兹再展诵，拟于集前加一凡例，逐篇之下附一案语，问仁问智，两不相妨，见浅见深，各得其当。况论画诸书，采不胜采，或弃或取，即于凡例、案语下略著端倪，不卜卓识以为然否？近有友人余越园（绍宋）君作《画法辑要》，大恉相同。渠客北京日久，书籍易得，今南旋居杭州，专心著述于画事考证。又粤友孙濌公留意画家论说，所见亦多，在敝社编画家人名辞典，较《画史汇传》增数千人，出校当寄奉鉴正之。前日晤两君，已商《类编》办法。赐寄法绘由尊友带回一幅，仍有一幅因沪上同人传观，收存敝社，稍缓当还璧。现续《
虞美人,题跋,其他,1929,虞美人; 董美人志,evt_02049,在贵池期间，与汪律本友人晤叙，并转请工于词律的汪氏代作《虞美人》词，归途中略改易数句，以合吴湖帆请题其所藏《董美人志》本义。
董美人志,书法,其他,1929,董美人志; 虞美人; 董美人志; 常丑奴志,evt_02050,与吴湖帆书：“湖帆先生鉴：顷自皖归，途中成倚声题《董美人志》，拙劣，希削正，如勉可附骥尾，再行录下册中。示敦煌写经卷值，商之前途，已允遵售。专此，祇颂道绥。黄宾虹谨启。十月廿五。玉勾斜外金凫逝，啣出销魂字妖娆。何似金宝儿娇，已是碧萤无焰照前朝。洛神风韵簪花貌，笔阵欧、虞早。君家更有丑奴儿，莫东邻处子效西施。调寄《虞美人》奉题湖帆先生藏隋《董美人志》，又《常丑奴志》亦精绝，故尾语及之。录呈郢正。天都黄宾虹草。”
石华,篆刻,篆刻,1929,石华; 石华; 艺观,evt_02070,姚光书：“宾虹社长先生大鉴：来教并《石华》等集拜悉，尊藏古印谱第二集亦已珍弆，对此鸿宝，挹之无穷，每一展卷，辄感厚赐矣。《美术丛书》将赓四集，甚盛甚盛。所示书目，敝藏者皆系普通之本，不足以供校录，有金氏雪鸿楼所藏书画小记，或可入选，容携呈鉴定也。《石华》之价报载每集四元，今知须八元，所少之数乞暂记，当续汇不。《艺观》敝处祇有三期，续出者尚祈源源见惠是幸。手此，敬颂撰安。弟姚光顿首。11月6日灯下。”
留念存天阁,题跋,其他,1929,留念存天阁; 书画传家三百年——马孟容、马公愚诞生一百一十年纪念,evt_02074,马亦钊《留念存天阁》：“（方介堪先生回忆）那是在一九二九年的下半年（即签名册上所写的十八年），有一批日本的书画家陆续来到了上海，为了进一步加深友谊，促进友好来往，同时使两国的同仁有一次相互认识、了解、切磋的机会，于是由我国在上海的马孟容、马公愚和方介堪等几位书画家发起，邀请了来沪的日本国书画家和上海的中国书画家三十余人于该年11月8日在上海美术专门学校（当时刘海粟先生任校长）的存天阁举行了一次高层次、友谊性的民间文化交流活动……至于在签名册上留下名的廿五位书家，并非到会的全部同仁。那天上午，马孟容、马公愚、方介堪及另外二位书画家都是一早来到上海美专的存天阁（他们当时都是在该校任教）进行布置安排
月夜驱车图,作画,其他,1929,月夜驱车图,evt_02085,本年应陈直请为其从兄保之作《月夜驱车图》。
昌明艺专观光记,作画,山水,1930,昌明艺专观光记; 西来一叶; 丹桂,,
蔬果图卷,作画,其他,1930,蔬果图卷,evt_02122,与许承尧为丁辅之作《蔬果图卷》题跋。
文专师弟作品展览会之宣言,篆刻,山水,1930,文专师弟作品展览会之宣言; 蜜蜂,evt_02132,曼青《文专师弟作品展览会之宣言》：“展览会之名词，频年以来，已数见不鲜矣。其最伟者，为全国美展，其次或开学校展览，或开个人展览，目的不同，而用意各异。本校成立以来，仅一学期，学生努力向学，日进不已，为之师者，亦复谆谆施教，终日忘倦。是以于最短时期中，日积月累，亦略有成绩可观。此次开会展览，非敢以所学夸示于众，亦欲以师弟研究之所得，请社会予以批评，知中国之文艺，尚有一线之曙光，或不至流风之歇绝，此则振兴文艺之意也。中国为东方最古文明国，自欧风东渐，惊奇炫异，习焉不察，而吾国特殊之文艺，转隐于五里雾中。本校师弟亦知世界眼光不可不具，而民族固有之精神，尤不能无所表现，意欲以成绩之所列，使社会知所观感
蜜蜂,作画,山水,1930,蜜蜂; 办中国文艺学校之感言; 中国文专师弟作品展览之异军突起; 炼丹图; 三多图,,
记艺专同乐会,作画,山水,1930,记艺专同乐会; 琴挑; 梅花三弄; 断臂; 洪洋洞,evt_02151,梅溪《记艺专同乐会》：“本月22日，法界祁齐路中国艺专学校举行第一届毕业典礼，余适假馆该校总务主任郑曼青君家，故得参与会，特志盛况如下：正午十二时，该校各生齐集礼堂，敦请蔡元培先生亲授文凭，兼致训词。礼成，师生佥以毕业诸同学行将别去，相处有日，不能无情，遂挽毕业诸同学合作山水、翎毛、花卉，以留纪念，而该校教授如张红薇、马公愚、方介堪诸先生亦各乘兴书长联，分赠毕业诸同学，一时来宾中见此诸先生均当代书画名流，丐求不易，因纷纷乘机出纸索书画，诸先生亦欣然挥洒，以是得者莫不称意而去。是日午后八时，新旧同学临时发起同乐会，以助余兴。首由来宾陈富年君（胡琴圣手陈彦衡少君）唱《琴挑》，佐以许姬传君吹笛。一曲
中国艺术专科暑校开学,篆刻,山水,1930,中国艺术专科暑校开学,evt_02154,《中国艺术专科暑校开学》：“本埠枫林桥中国艺术专科学校（原名中国文艺学院）本届开办暑假研究班，报名者甚形踊跃，业于昨日举行开学礼，师生济济，行礼如仪，刘穗九、马孟容、马公愚诸教授均有演说。研究期限四十五天，所开课程有山水、花卉、翎毛、走兽、草虫、画学史、画理、诗词、文学、书法、篆刻等科，均系文艺界名夙担任，每日上午八时至十一时，下午三时至五时为上课时间，每逢星期三或星期六请名人演讲，并赴名胜之处旅行，以扩见闻而助修学云。”
艺乘书画展览会,书法,山水,1930,艺乘书画展览会,,
澹远楼图,作画,其他,1930,澹远楼图,evt_02166,新秋，应请为商务印书馆同仁费范九作《澹远楼图》。
风轩水槛图,作画,其他,1930,风轩水槛图,evt_02176,秋日，为陈泽霈作《风轩水槛图》。
豫园观画记,作画,山水,1930,豫园观画记; 九华飞涧图; 海上墨林,evt_02187,郑逸梅《豫园观画记》：“豫园曲桥之畔，有书画善会焉。主其事者，为杨东山先生，以风雅之道，为施济之举，法至善也。先生谢世，白龙山人继主之不替。自登高节（按：阴历九月九日）起，举行书画会旬日。一昨偕荆人游豫园之便，遂莅会以观赏。晤潘子敬斋，殷勤款洽，四壁书画，琳琅满目，敬斋所作山水两帧，意境萧然，令人神往。黄宾虹之《九华飞涧图》，苍雄之气，足以抗手古人，平揖时辈，与汪仲山（名琨）之人物，神态之妙，可谓异曲同工。叶渭莘笔墨轻灵澹雅，一蝉一蟹，自得趣致。渭莘为指发后嗣，宜其家学渊源也。赵云壑一门风雅，父子俱传缶老之学，所作梅竹小石，逸气横溢，自属神品。……临行，敬斋贻《海上墨林》一部，乃东山先生所手辑
杏花楼预展纪宠,题跋,山水,1930,杏花楼预展纪宠,,
金华山图,作画,山水,1930,金华山图,evt_02204,自题《金华山图》：“笋舆冈陇径盘旋，迎面峰来识洞天。岚影排窗三叠峰，雨声喧枕百重泉。僊灵诡秘探龙窟，遗逸高踪访鹿田。回首狮山读书处，寻源难忘是髫年。壬戌春日游金华山洞，访谢皋羽遗迹，忆曩读书狮山仅距十里许，忽忽四十年，余重到此，不禁沧桑之感，率为赋此。翰飞先生惠贶杰作山水自北平寄余沪上，佩甚佩甚，因捡旧写拙画奉酬，即希哂正。潭渡黄宾虹，庚午冬日。”（西泠拍卖行2006年秋季拍卖图录）
枫桥夜冷图,作画,其他,1930,枫桥夜冷图,evt_02209,冬日，为陆丹林作《枫桥夜冷图》。
洞天福地图,作画,其他,1930,洞天福地图,evt_02215,冬月，张善孖、张大千母亲七十寿辰，画《洞天福地图》以贺。
魏塘宾筵小记,作画,山水,1930,魏塘宾筵小记; 梅花寿带; 福地洞天; 岳顶慈云; 海屋添寿,evt_02217,玉岑《魏塘宾筵小记》：“张善孖、大千兄弟之太夫人七十寿，在魏塘大千寓庐称觞，海上同人往祝者甚多。太夫人工画信教，不事鸠杖，腰脚康健，而膝有五男十七孙，泰半精通文艺，有声于时。曾孙肇基，堕地方七十日，黄襁承欢，芳兰绕砌，海屋之盛茂，一时无两。壁间书画如林，皆海上相知之作，画如一亭之《梅花寿带》、宾虹之《福地洞天》、午昌之《岳顶慈云》、红薇之菊鸟、曼青之柏、师子之水仙、楼辛壶之山水、吟詹之《海屋添寿》，皆足当一时之选，而个簃一画，尤为恢奇，纸修可一丈而强，与拙作山水小帧不二尺者，同为越规逾矩。不才素不能画，重违善孖、大千之意，初绘一松兰长幅，兰实无锡胡汀鹭所加，持示善孖，遽称其兰，则床头捉刀人洵有
汪亚尘伉俪欢宴记,题跋,其他,1930,汪亚尘伉俪欢宴记,,
石雨草堂图,作画,其他,1930,石雨草堂图,evt_02226,冬，为许承尧作《石雨草堂图》，并录青岩、渐江遗诗。
岭南艺苑图卷,作画,其他,1930,岭南艺苑图卷,evt_02228,本年，赵少昂在香港创办岭南艺苑香港分苑，来书乞作《岭南艺苑图卷》。
丹枫红叶图,书法,其他,1930,丹枫红叶图,evt_02235,本年，为姜丹书《丹枫红叶图》卷题诗。
中国版本略说,篆刻,篆刻,1931,中国版本略说,evt_02241,《中国版本略说》：“中国科学社中国书版展览会应征者台衔列左：黄宾虹先生隋唐写经、周秦汉印谱。”
桂林山水图卷,作画,山水,1931,桂林山水图卷; 绿绮园图,evt_02243,1月，东莞黄般若北上游览金焦名胜，道出沪上，昕夕过从，作《桂林山水图卷》以赠，并为邓尔雅作《绿绮园图》。
中国艺术专科学校同学录,作画,山水,1931,中国艺术专科学校同学录; 同学录,evt_02256,《中国艺术专科学校同学录》：“现任职员一览刘穗九：校长兼文学系主任。郑岳（曼青）：教务主任。郑昶（午昌）：秘书主任。陆丹林：总务主任。马毅（孟容）：画学系主任。翁养初：文学系副主任。张光（红薇）：图书馆主任。郑鹿祥（辀奇）：教务副主任。陈颀（倚石）：注册股主任。沙衍林：会计。沈征远：事务员。戚更生：收发。张广达：图书馆管理兼书记。郑兰贞：书记。郑葆湜：校医。沙晓嵩：校医。洪士豪：法律顾问。现任教员一览刘穗九：文化史、美术史。郑岳（曼青）：国画花卉、诗学。郑昶（午昌）：国画史、山水。马毅（孟容）：国画花鸟。翁养初：文学、诗学。张光（红薇）：国画花卉。张善孖：国画走兽。黄宾虹：国画山水。商笙伯：国
安徽通志,出版,其他,1931,安徽通志,evt_02258,“《安徽丛书》编印处成立”：“安徽年来困于天灾匪患，社会暗淡，然安徽人士却努力文化事业，自强不息，如安徽大学之建设也，《安徽通志》之编纂也，东方文化学会之协进也，最近又共谋设立《安徽丛书》编印处，刊行《安徽丛书》，认刻资者颇多，而首由中国惟一收藏古铜器大家程霖生氏出资巨万，为开办费，月前即于静安寺路（今南京西路）程霖生寓开成立会，公推江彤侯为主任，汪孟邹为办事员。日昨又于福熙路（今延安中路）程演生寓开编审会，公推徐积余、黄宾虹（以上二人兼搜集、版本常务会员）、陈子言、洪泽丞、张燕昌、程霖生（兼经济常务）、许静仁、程演生（兼交际常务）、李光炯、李松、李伟侯、吴镜天（兼文书常务）、周梅泉、王逸塘、
晚照堂书画册,出版,其他,1931,晚照堂书画册,evt_02261,4月10日，阎甘园举办个人书画展览会于宁波同乡会，刊印《晚照堂书画册》当场分送，为该册撰跋语。
清稗类抄,著述,山水,1931,清稗类抄; 云山晚照图; 晚照楼书画集,,
雁山梯云谷图,作画,其他,1931,雁山梯云谷图,evt_02278,为余静芝作《雁山梯云谷图》。
艺苑新声△张善孖华诞宴客,作画,山水,1931,艺苑新声△张善孖华诞宴客,evt_02287,《艺苑新声△张善孖华诞宴客》：“蜀中名士张善孖以画虎名于时，所作山水人物，亦久为艺苑所称赞。今夏游日归来后，声誉益隆。今日为张君五十诞辰，文艺界同人多往祝贺，张君亦于今午假三马路陶乐春宴客。”（7月12日申报）
雁山叙别图,作画,花鸟,1931,雁山叙别图; 雁山图; 宣和画谱; 雁山叙别图,evt_02305,蒋叔南书：“宾虹先生青鉴；别来多时矣，剑华先生返沪，谅见面，能详述一切也。昨日偶翻故宫博物院发行之日历（在今年9月10日一页），见有宋赵宗汉《雁山叙别图》，惜其题跋过于细小，未能明察，若固为雁山而作，则于周邠作《雁山图》送东坡之先，早有人作雁山图者矣。先生于古画图考证详洽，能设法穷源竟委而详示其所以，殊为快慰之至也。《宣和画谱》宗汉为濮王孙，善花卉，存于内府者尚有画八幅，类多水禽杂花，而未及《雁山叙别图》，而流传至今，竟宛然存在，于此知天府之深广，为不可及也。图层峦迭（叠）嶂，万壑千岩，似非雁山不类，而乾隆御题则有‘雁山墅’语，不可解也。山高秋早，已有凉意，诸惟万福，匆候大安。弟蒋叔南顿首。廿
刘海粟氏明日抵申—同来者有法政府特派考察之赖鲁娃,著述,其他,1931,刘海粟氏明日抵申—同来者有法政府特派考察之赖鲁娃,,
壮游图,题跋,其他,1931,壮游图,evt_02339,秋九，吴一峰将游浙西写生，为其《壮游图》卷题跋。
刚德画集,出版,其他,1932,刚德画集,evt_02371,3月，学生刘祥龙出版《刚德画集》，为之作序。
通艺录,题跋,篆刻,1932,通艺录,evt_02377,与许承尧书：“芚公先生大鉴：……顷诵手书，指示拙诗，俾有遵循，荣幸何似。昔恽南田常责石谷题画诗跋不通，不吝诤言，古道可风，艺林传为佳话，今获南针之赐，此乐当何如之。程君房墨，近日稀如星凤，要以未受潮湿、无碎裂痕为佳。其次能不黏手有黑色者。前明制墨杵功最足，墨之锋棱能以切纸。唐墨一螺可磨十年，坚可想见。否则碎裂者可捣碎再制，即‘冬心墨’是也，冬心得程君房墨改造之耳。……昨往浦东顾氏花园看桃花，返沪有拙诗并画，尚未脱稿，兹录前十余年旧作，先乞郢削，琐渎勿责。江秋史、洪北江、郑谷口三件，均送令亲罗寓。遇有歙人墨迹，仍当留意收入，以备采择。歙中他姓族谱记载轶闻，往往有所见，如见书画篆刻之人，能分类录存
病榻慰亲图,作画,其他,1932,病榻慰亲图,evt_02380,壬申三月，李祖韩、秋君之母六十岁寿辰，作《病榻慰亲图》以祝。
王石谷画〈南巡图〉粉本,题跋,其他,1932,王石谷画〈南巡图〉粉本,evt_02385,4月，在大风堂为张大千题所购获《王石谷画〈南巡图〉粉本》题跋，诗中对国势颓靡、外患日亟的时局深表忧愤。
湖荷忆昨图,作画,其他,1932,湖荷忆昨图,evt_02388,暮春，为黄节作《湖荷忆昨图》，状1918年夏相偕湖亭看荷之景。
听帆图,作画,其他,1932,听帆图,evt_02391,为唐天如作《听帆图》。
仕女图,作画,人物,1932,仕女图,evt_02398,并为经亨颐夫人题张大千所作《仕女图》。
翦淞阁读画销夏,作画,山水,1932,翦淞阁读画销夏,,
大走客吴一峰·追随宾老溯江入蜀,题跋,山水,1932,大走客吴一峰·追随宾老溯江入蜀,evt_02426,吴嘉陵《大走客吴一峰·追随宾老溯江入蜀》：“1932年初秋，上海的天气已经凉爽了，吴一峰收拾好行装准备动身去江西庐山写生。这天，他在参观画展时，碰见贺天健，两个见面亲热地握着手，贺天健问：“你还没有往庐山去？”吴一峰说：‘过两三天就走！’贺天健说：‘黄宾虹老师即将往四川讲学，你不如和他同去，游三峡沿途写生，再向黄先生学习学习！’吴一峰一听立即改变主意，说：‘好，我就去找黄老师！’贺天健笑道：‘你真是急性子，祝你心想事成！’吴一峰离开展览馆，赶到西门路西成里黄宾虹家。吴一峰走进黄宾虹的画室，见年已六十九岁高龄的老师黄宾虹仍然精神矍铄，正在伏案书写对联。黄宾虹点头招呼吴一峰，然后说：‘马上要动身入
弁言,著述,其他,1932,弁言; 画学常识,evt_02442,9月1日，《画学月刊》创刊，任主编，撰《弁言》、《画学常识》刊其上。
霜柑阁岁寒雅集图,作画,其他,1932,霜柑阁岁寒雅集图,evt_02500,12月22日壬申十一月廿五日，偕吴一峰赴林思进招饮，在座有李亚衡、培甫昆仲、庞石帚、祝屺怀、方鹤翁、沈渻斋等。以乱后不敢夜行，傍晚即散，允作《霜柑阁岁寒雅集图》以纪此会。
经学通论,作画,山水,1932,经学通论; 字林补林; 中国文学史略论; 养晴室笔记,,
霜柑阁图,作画,其他,1933,霜柑阁图,evt_02525,林思进《清寂堂日记》：“二十日，辛巳。雪始渐融，而瓦沟犹平白若厚棉，此真吾蜀所稀有也。（中略）宾虹送所画《霜柑阁图》来，上题两诗，即和予韵者。然画似用意为之，而反不及其途中草草所写者，此自来书画皆如是也。笺复谢之。（下略）”
人物志,著述,人物,1933,人物志,evt_02567,林思进《清寂堂日记》：“十四日，甲戌，晴寒，至午乃雨。出城教华西三时。前日三儿之友沈仁波馈予宣盛项圈，即昔人所称禁脔也，蜀俗不重此，而云南至为美品，曾闻亚衡送之。今日为叔祖妣黄节孝冥寿，供馈特具是肴，且以馂客，因面约方叔轩来预赏。”宾虹先至，出画十余幅视之，他客续来。午祭八殽、酒三巡、饭一侑。祭罢，邀客入坐，谈燕颇乐，客去雨亦止矣。季儿以两饼金购得崔荆南书联。予撰《人物志》乃知荆南之名，曾为作传，而不先不后忽得此联，岂非文字感召耶！书虽道咸旧派，然秀稳无俗笔，其署名三字尤精能，于书中甚有工力者，非寻常翰苑家数也。知古人之能事，湮没于弗闻者多矣。“
蜀游诗,题跋,山水,1933,蜀游诗; 蜀中名胜记; 新新新闻,evt_02577,谈月色跋《蜀游诗》：“癸酉四月十九日，初暑昼永，睡莲已华，而蔗柑尚佳，与主君寒琼纳凉南荣，同读《蜀中名胜记》，冥想百花潭上是日游乐，遥忆宾虹师正在成都，适逢盛会，定有俊游。忽闻邮人叩门，递到吾师三月廿四日（国历四月十八日）来书并诗十三章，盥诵祗悉入蜀遭乱，弗克遍游三巴名胜，颇以为憾。但生平倾慕之峨嵋，仅当得一‘高’字，益信万事耳闻不如见，山水犹是也。惟喜新交方、龚两高士，时与往还，可遣客愁耳。因以缋事拓本，希吾师为介两高士结墨缘。计吾师于壬申中秋从沪豄启行，偕吴一峰入蜀，先游峨嵋，十月十二日始抵成都（见廿一年十一月九号成都《新新新闻》），彼都人士即于晋宁酒楼设筵洗尘，上获与两高士订交，迄今判□
鸜鹆桃柳,作画,其他,1933,鸜鹆桃柳,evt_02584,林思进《清寂堂日记》：“初二日，壬辰，晴。教四川大学四时。午后集饮亚衡家，有宾虹、林菊舟。林前日在花会购得黄瘿瓢画《鸜鹆桃柳》。黄品本不高，而幅又黯澹，桃柳著色皆不可见矣，值尚廿八元也。今日不近饮，上灯归。（下略）”
中国名画变迁说,著述,其他,1933,中国名画变迁说; 太阳在东方,evt_02618,春，撰《中国名画变迁说》，刊于东方美专校刊《太阳在东方》4月30日第一卷第一期。
题蜀游山水,著述,山水,1933,题蜀游山水,evt_02634,《题蜀游山水》：“宋元人画多积岁累月而成，浑厚华滋，不落轻薄促弱。余游川蜀，由灌县经玉垒关至青城山中，朝夕所见，林峦烟雨，隐显出没，无不摹写，草稿置囊橐中，归而乘兴挥洒，笔酣墨饱，益见自然。此帧留行箧中，与生平所得敦煌唐贾至开元十三年画，及宋米元晖、元觉隐、赵松雪诸名迹，自南而北，奚止万里，今江凡学兄为言亚民田先生富藏古今书画，恒多佳品，未获踵门索瞻清閟，兹检拙笔，先博一笑。戊子。”（《黄宾虹文集·诗词编》第55页）
青城山图,作画,其他,1933,青城山图,evt_02638,在常道观为道长彭椿仙作《青城山图》。
讲学集录,作画,山水,1933,讲学集录,evt_02677,《讲学集录》：“画学自宋南渡，至于南方，画家仅就江南风景写之，多属平远景，无大丘壑。后有写永康及永嘉风景者。永康在浙江金华府，有金华山，以赤松宫之三洞最有名，相传为赤松子得道处。溪流出于其下，一峰峙立，登其上，城郭聚落，宛在目前。金华山之形影，远视如覆釜，近视则丘壑极多，俱幽藏其中。故宋人作山水多阴面山，皴满后而分阴阳，元人则多画阳面山，此所谓讲画理必知天然之理与造作之理也。永康之山景最奇，有方岩重叠如贯钱，又有孤峰特立，上下俱方，不至其地不知其奇。永嘉在浙江温州府，由仙霞岭分脉。有雁荡山盘曲数百里，争奇竞胜，游历难遍。绝顶有湖水常不涸，雁之春归者留宿焉，故曰雁荡。向以瀑布著名，有大龙湫、小龙
先父陆抑非与黄宾虹的一段轶闻,作画,山水,1933,先父陆抑非与黄宾虹的一段轶闻,evt_02707,陆公望《先父陆抑非与黄宾虹的一段轶闻》：“时值1934（按：当为1933）年末，母亲怀孕我的那年。黄宾虹先生偕夫人寄居我父亲所居住的上海萨坡赛路二○七号（今淡水路二一九号）二楼厢房内。我父母亲住在楼下。在此前宾虹老人曾住隔壁的西成里，因为与朋友交往不便，故搬到我父母所居的沿街房屋内住。有一件往事极为有趣，现记述于后。当时我父亲年仅二十六岁，除了绘画外，已在上海美专、新华艺专等美术学校教课了。由于父亲年轻时以画工笔画为主，所用毛笔须笔锋较细，因此不少用久之秃笔就束之高阁放在大笔筒内了。而黄宾虹先生却正需用这些秃笔来绘山水画很得心应手。为此，他老人家通过其夫人向我母亲索些我父亲已用过的秃笔给他画山
蜀游山水册,作画,山水,1933,蜀游山水册,evt_02720,初冬，为姚石子作《蜀游山水册》。
嘉陵江山水图,作画,山水,1933,嘉陵江山水图,evt_02741,为冯文凤作《嘉陵江山水图》。
温菘地鸡图,作画,其他,1933,温菘地鸡图,evt_02753,白蕉作《温菘地鸡图》相赠。
蜀中纪游图,作画,其他,1933,蜀中纪游图,evt_02759,为高燮作《蜀中纪游图》。
玩芳亭,题跋,其他,1934,玩芳亭,evt_02796,许承尧书：“去腊曾上一诗序一祝贺诗，计已邮达，甚念。新岁维康娱万福。弟新得一潘莲巢拟丁南羽玩蒲图，惜有残缺，非名手不能补，特呈览求为补一桥及微坡小溆（如不能补画，则请于缺处跋数语亦佳）何如，愿屈椽管，冀成完璧。又尊藏明贤《玩芳亭》题跋，求如前诺，仍以六十元见让，如荷俯允，请即交邮寄下，当即函沪由绮川奉上元直，愧悚之至。前拟赠公仲凫先生分书巨幅，以装手太坏，字形残断不完，未敢竟寄，因循至今。汽车道通，想今岁必回里一游，求过敝斋观之，如可，要即奉上也。手贺宾虹老兄千春新祉。弟承尧上。”
论中国艺术之将来,著述,山水,1934,论中国艺术之将来,evt_02803,1月30日，撰《论中国艺术之将来》刊于《美术杂志》创刊号，同期并刊出两幅纪游山水画。
国画家亟应联合,题跋,其他,1934,国画家亟应联合; 蜜蜂,,
百川书画会之发起,出版,山水,1934,百川书画会之发起,evt_02819,《百川书画会之发起》：“△大会通过会章选出理事七人△发起经过百川书画会，以研究书法与绘画，昌明艺学，促进文化之宗旨，于民国二十二年十一月望日由海上学艺界黄宾虹、王济远、鄢克昌、吴梦非、刘抗、王远勃、梁书、张弦、陈人浩、莫运选、诸闻韵十一人发起组织，以学艺虽经纬万端，其归则一，如百川分流，同汇于海，分以极其深，尤必合以成其大之义，爰命为百川初集，于沪西之黄山水南双塘画房，通过简约十条。会约重实际研究，先后集会凡六次。会员每人提出书画作品数点，互相品评，并作理论之演讲，或即席合作，兴趣极为浓厚。每次集会均有会员陆续加入，至本年三月六日举行第六次研究会，佥以本会会员渐多，组织宜求缜密，决议修订会章。
诗人潘兰史逝世,著述,其他,1934,诗人潘兰史逝世,evt_02821,《诗人潘兰史逝世》：“诗人潘兰史（飞声），番禺人，文章诗词，驰名中外。年二十有七，即应德国讲学，主讲柏林大学汉文教席。返国后，执笔政于香港、上海各报，及任各大学教授，诗文著述甚伙。年逾古稀，写作不辍，饮酒纵谭，宛如壮年。因病于昨晨二时逝世沪寓，享寿七十七岁。”（1934年4月10日申报）
蜀游杂咏,书法,其他,1934,蜀游杂咏,evt_02827,手书《蜀游杂咏》印成，分赠友好。
梅石图,作画,其他,1934,梅石图,evt_02831,春，与何香凝合作《梅石图》。
大姚村图,出版,其他,1934,大姚村图,evt_02835,与黄居素书：“居素吾兄鉴：昨诵手书，聆悉所补册，浓淡不匀，此无妨碍。古画册中，有墨采深浅前后不同，因非一时所作而然。近观友人收藏米元章《大姚村图》真迹，钩勒用粗笔浓重，而皴染之处，层层淡斫，纯用逆笔，却是百十遍而成，故深厚雄奇得为古今第一。即一幅之中，尚有每段浓淡不等，唐诗所谓‘阴晴众壑殊’也。学画墨色重浓，年久透入纸素，即成融洽，过淡则二三十年后便乏精采。今写雁荡小册十二帧，略拟其墨法，较前所寄册，谅又各别。画者因兴会而变换状貌，观者由笔墨悟澈精神，玩索无穷，虽身外一切可以淡忘。古人称书画为特健药，以其能引人入胜，不生烦恼忧患诸疾病，即有痛楚，亦自消除。故逸品之画，非深于理法之中，不能超出于
江行杂咏诗意图,作画,其他,1934,江行杂咏诗意图,evt_02836,春日，作《江行杂咏诗意图》赠岳东美。
山水松石格,著述,山水,1934,山水松石格; 南宗抉秘,evt_02853,前代画家，称善丹青，绘事发明，初无专于用墨者。晋以彩漆或以油画，画者用墨，其肇于六朝乎？梁元帝撰《山水松石格》云“信笔妙而墨精”，又曰“上墨犹绿，下墨犹赭”，明明言墨，而曰犹绿，而曰犹赭，以秉色拟墨色，此即墨彩之说也。夫画之可贵不在丹青朱黄铅粉之工，故王摩诘言画以水墨为上。荆浩云：随类赋彩，自古有能，水晕墨章，兴乎唐代。张璪树石，不贵五彩，李将军虽巧而华，大亏墨彩。由唐而后，逮于两宋，墨法之用，日益彰明。李成惜墨如金，王洽泼墨成画。墨色之中，后人又分六彩，谓黑白干湿浓淡，各有其宜。又有五墨之法，谓干黑浓淡湿，独不言白。是说也，华琳《南宗抉秘》盖尝疑之，不知五墨，以素如质，谓白受彩非白。是说也，
宾虹诗草,著述,其他,1934,宾虹诗草,evt_02858,按：《宾虹诗草》即蜀游杂咏，字句与定稿略有不同。
女子书画展开幕志盛,题跋,山水,1934,女子书画展开幕志盛,evt_02865,《女子书画展开幕志盛》：“昨日中国女子书画会开展览会于宁波同乡会。上午九时，诸女画家齐集，四壁琳琅，罗列作品五六百件，自晨至晚，参观者达数千人，数小时间，书画已被定去不少。书法以冯文凤之作品定去最多，画件则陈小翠、李秋君、谢应新、顾青瑶、周炼霞、余威丹、吴青霞、江亚南、谢月眉等亦定去数十件。唐冠玉作品售出后，立捐会中经费。又有诸女作家合作诗画纨扇，用抽签法，每券二元，当场争抽去，转瞬已售去大半，逆料今日当更有一番盛况。又黄宾虹君记女子书画展览会云：近东南文物之盛，萃美于沪上，各艺术学校之建设，济济多材，庭帏乐事，娱志风雅，卓荦不群，尤难偻数。或渊源于家学，或泛滥于师承，松雪嘉耦，称贤仲姬，衡山
宣和印谱,著述,篆刻,1934,宣和印谱,evt_02878,与许承尧书：“芚公先生大鉴：日前得诵手书。聆修邑志事，属以技术、隐逸二门担荷，刍荛之献，皇悚无极，然不贤识小平时略有抄撮，日久散矣，尤所深思，敢不奋勉。分门类中，于鄙见稍有商榷者，隐逸原以表扬风节，振励清操，史乘所同，若无著述诗文艺术以及事功里者，往往羼杂无味。前清经学之盛，至咸同中金石之学大明，金石一门，自不可缺，而篆刻学派，歙中为可独树一帜。碑帖书画收藏赏鉴，方今欧日视为文化要素，亦似宜详。尊示吴绮川冀扩大范围，卓见至为可佩。但邑志循例芜漏者多，高论骇俗，难无妨碍，因此稽迟未复。渐公墓，曩仆居里中，曾与朱寄洲、方筱琹拟为修墓，数至披云峰下，后出门，此议遂寝。今彤侯能襄助，显晦殆有时耶！《宣
听帆楼图卷,作画,其他,1934,听帆楼图卷,evt_02886,夏，为唐天如再作《听帆楼图卷》。
要录,出版,其他,1934,要录; 解题,evt_02905,余绍宋书：“宾老先生道长左右：顷奉惠教，并颂大作，不胜忻慰。大作之佳妙，潘、许两序，言之极当，浅学如弟，更无庸赘辞，但有钦佩而已。前月陈君叔通游蜀归，亦以其诗稿见示，与大作堪称双璧，弟已合装成册，聊当卧游。尊论画道兴衰，与世运隆替之故，与夫思翁墨法之得失，皆前人所未发，开我茅塞不少。弟生平亦喜元明人笔法，于清代画家少所许可（南田及三僧俱明遗民，不得被清朝人掠美），嘉道以后作者，尤觉浅薄，诚如尊论，笔墨尽失矣。近来画家肯读书者甚鲜，遂使高尚学术沦为手工技艺，至堪嗟叹。弟前所作《要录》及《解题》两书，正欲借以拯其失，所恨学殖太浅，勉强成书，正深惶媿，乃辱奖饰，弥觉汗颜。蒲伯英通讯地址乞示知，不相见
上海市教育局核准登记上海市私立奇峰国画函授学校章程,题跋,山水,1934,上海市教育局核准登记上海市私立奇峰国画函授学校章程,evt_02907,《上海市教育局核准登记上海市私立奇峰国画函授学校章程》：“一|定名：上海市私立奇峰国画函授学校。二、总旨：提倡国粹，美化社会为宗旨。三、校址：上海卢家湾徐家汇路二百九十衖（即卢家衖）三号。四、科别：山水科、人物科、翎毛走兽科、花卉草虫科四科。五、入学：凡年在十六岁以上小学毕业或具相当程度、对于学画具有兴趣者，不分性别均可随时报名入学。六、教授：各科均请国画专家担任精绘课稿，学员所缴画课另聘海上名家分别指导、严格批评。七、学费：山水科二十元，人物科二十元，翎毛走兽科十八元，花卉草虫科十六元，一律一次缴清。国外汇寄须折合华币。如因经济关系要求分期缴纳者，可于入学时先缴半数，一月后缴清。八：邮费：国
第一届书画会出品目录,题跋,山水,1934,第一届书画会出品目录; 叙言; 百川书画会概要; 叙言; 叙言,,
渔洋精华录,作画,山水,1934,渔洋精华录; 全史; 通鉴,evt_02940,林思进《清寂堂日记》：“（甲戌九月）初四日，乙卯，晴。晨起访亚衡一谈。其子婚期即在本月，亦郁郁居此，或者两月后成都消息稍安，即约同归。令季儿往桐清处借得《渔洋精华录》以遣日。闻桐清亦写日记三十年，且以《全史》校《通鉴》一过，则虽奔走仕宦，尚不废学也。姬妇辈往龙渊夫人许谈，龙渊复馈肴馔数事。六钟同季儿过梁众异善钟路七十三号宅。屋庐甚敞，客坐书画并乾隆名人及莫郘亭、赵㧑叔之属，乃知巨六所言外行话耳。若论收藏，予或不愧之矣。坐上晤汤定之（涤），此画山水最近名家，雨生都督之孙也。面允为予画扇幅，且乞予书。夏敬观（吷盦）年约六十余，两人皆有髯，而汤绝美。平湖葛昌楣（咏莪号荫梧），多藏书。龙沐勋（榆生），
九秋图,作画,其他,1934,九秋图,evt_02945,10月30日甲戌九月廿三日，与叶恭绰、宣古愚赴苏州游览园林，于惠荫山庄观赏菤葹阁藏画，并与何亚农、王䓕、朱竹坪、彭恭甫、张丹斧、张善孖在柴簃举行雅集，合作《九秋图》。
风雪归舟图,作画,书法,1934,风雪归舟图; 卢鸿草堂图; 华岳乔松; 潭渡村图,evt_02968,林思进《清寂堂日记》：“（甲戌十月）初六日，乙亥，雨。予出访宾虹言别。宾虹出藏书画数事，程松门《风雪归舟图》，有陈楞山、厉樊榭诸人题诗，然非精品。又程邃行书直幅，极佳，若以俪吾归文休，恰相称也。又出董玄宰画《卢鸿草堂图》，王禹卿题，纯是干墨皴染而苍润欲滴。黄鹤山樵《华岳乔松》，气象万千，惊心动目，非三王所能到，真绝诣也。此两轴为予生平看画第一矣，蜀中动言鉴赏收藏，恐无一家能比矣。……宾虹来，乞题其先世凤六山人黄吕《潭渡村图》。山人笔极近文五峰，市贾不知，见以吕字印，以为其人姓吕，每幅题诗者，而别伪署文五峰一款。前数年宾虹游粤得之，乃其家宝也。许宜（疑字误）庵为赋五言，甚工，盖许亦歙人，故情文相
张善孖宴请文艺界-兼为林山腴祖饯,作画,花鸟,1934,张善孖宴请文艺界-兼为林山腴祖饯,evt_02975,《张善孖宴请文艺界-兼为林山腴祖饯》：“名画家张善孖、大千兄弟昨游华山归沪，又值四川诗人林山腴返蜀，特假座陶乐春菜馆宴请文艺界，到者有黄宾虹、顾巨六、许修直、符铁年、王师子、谢公展、陆丹林、郑午昌等三十余人。先由郎静山为众摄影，旋各画家合作花卉立轴两轴，由谢玉岑题诗其上志别。林山腴此次来沪，得诗百余首，命名‘出蜀集’，将由谢玉岑、符铁年、陆丹林等汇刊分赠诸友云。”（11月22日《申报》）
两髯行-题张善孖、大千昆弟华山行卷即以留别,作画,山水,1934,两髯行-题张善孖、大千昆弟华山行卷即以留别; 巫峡归帆图,evt_02976,林山腴《两髯行-题张善孖、大千昆弟华山行卷即以留别》：“张髯兄弟画苑奇，声名崛起人海知。恣今练古入豪素，时人相许为涛溪。大髯画虎虎气出，风叶四举百兽悕。近者一变学戴嵩，耳湿角千躈蹏。季髯骎骎骅骝度，元四家法心手追。尺幅千金那足道，意匠缥缈穷天倪。我昨访君游网师（君昆季寓网师园），骑驴华山去未归。海上叩门忽过我，三峰秀色巾卷披。明星坛边莲花朵，毛女洞前木叶衣。曳枝直上青柯坪，攀绳更渡落雁梯。太华高秋五千仞，峰峦簇簇云烟霏。季也一角妙写寄，敛袵吾欲同王维（大千新写华山一角，玉岑属予题之）。廿年心嗟绘事微，欧倭俗化相是非。若从明季论真脉，斯道将亡当咎谁？今来神王心转怡，诸君逄逄树鼓旗。黄山一叟年古稀
美专秋季画展,作画,山水,1934,美专秋季画展,,
画法要恉,作画,山水,1934,画法要恉; 山水松石格,evt_02982,《画法要恉》：“自来以画传世者，代不乏人。笔法、墨法、章法，三者为要，未有无笔无墨，徒袭章法，而能克自树立，垂诸久远者也。不明笔法、墨法，而章法之间力期清新，形似虽极精能，气韵难求苍润。绳趋矩步，貌合神离，谓之无笔无墨可也。笔墨之法，授之于师友，证之以诗书；临摹真迹，以尽其优长；流览古人，以观其派别；集众善之变化，成一己之面目。笔墨既娴，成为章法。画家创造，实承源流，流派繁多，尽归于法。夫而后山川清丽，花木鲜妍，人物、鸟兽、虫鱼生动之致，得以己意传写之。艺有殊科，而道皆一致，否则入于歧异，积为弊端，黄大痴‘邪甜俗赖’之讥，何良俊‘谨细巧密’之病，学者差之毫厘，谬以千里，潜心省察，审择不可不慎也
老人峰图,作画,山水,1934,老人峰图,evt_02985,12月15日，与郎静山等组织之黄社摄影书画展览会在八仙桥青年会揭幕，除展出浙江省建设厅五月间组织摄影家赴黄山所拍摄照片外，同时展出书画家以黄山为主题的作品。作《老人峰图》参展。
蜀游草,题跋,其他,1934,蜀游草,evt_02990,与吴一峰书：“一峰先生大鉴：华阳一别，眴已两年，顷诵惠书，欣喜无量。台端英年壮志，万里从戎，剑门风景，绘之图画，广为流传，健羡健羡。仆自蜀中经广安、重庆，节节受厄，饱尝逆旅苦楚，迟迟返沪，已阅数月，回溯人情险巇，犹堪骇汗。以视大才应世，事事亨通，奚啻天壤。幸而旧交爱我，时有垂青，仍得优游于金石书画中寻乐，差堪自慰，可为不思蜀也。拙题坿奉（拙作《蜀游草》及木刻画集另寄上）。此询台绥。黄宾虹拜上。十一月廿四日。（燕尔之喜，何不附及，念念。一禅恙谅就痊，无通讯处，怅甚。敝寓迁移新址：上海西门路二一六号黄寓。）”
谈画法,著述,山水,1934,谈画法; 艺舟双楫; 书眼; 艺舟双楫; 书眼,evt_02993,陈柱《谈画法》：“临川书家黄穉棠（鸿图）先生，以书名闻海内久矣，与余论书，邮筒往来，亦已屡矣。顷游海上，余觞之于酒家，黄山黄宾虹先生亦在座，当代画家兼书家也。客有嗜书法者，问于穉翁曰：‘先生书法，穷极篆籀之变，以上追殷，而下及秦汉，以之驰骤魏晋六朝南北各家，如王良不失其驰，舍矢如破也，其道何由？’穉翁曰：‘吾何敢！吾何敢！虽然，今为子略言书法之源流，与夫文质派别之说，请就正焉。夫夏尚忠，商尚质，周尚文，其说旧矣。而夫子则曰：‘虞夏之质，殷周之文，至矣。’又曰：‘虞夏之文，不胜其质，殷周之质，不胜其文。’何其与商质周文之言相反如是邪？盖夫子之言，固亦有说，固与商质周文之言互相发明者也。夫文由质生
上海美专秋季画展与音乐会,作画,山水,1934,上海美专秋季画展与音乐会,evt_02998,《上海美专秋季画展与音乐会》：“上海美术专科学校二十三周年纪念举行新校舍奠基礼，同时举行秋季绘画习作展览会，陈列西画风景、人体、木炭、水彩，国画山水、花卉计二十余室，都千余点，国画与西画、教育如王济远、黄宾虹、诸闻韵、倪贻德、张弦、刘抗、王远勃、吴茀之、汪声远等，皆有最近之杰构。（下略）”（11月29日申报）
蜀游图,作画,其他,1934,蜀游图,evt_03005,本年作《蜀游图》赠汪律本。
伦敦通讯-刘海粟致贺天健、午昌、宾虹,著述,其他,1935,伦敦通讯-刘海粟致贺天健、午昌、宾虹; 东方绘画史,evt_03028,《伦敦通讯-刘海粟致贺天健、午昌、宾虹》：“天健、午昌二兄如晤：久疏音讯，渴想殊殷。承赐《国画月刊》，不胜感谢。时人流行语为艺术而艺术，似无如之何！艺术则不求甚解，而艺术自身之价值，又不求甚解。兄等负宣导艺术之责，能以国画之原理，一一论定其价值，与艺坛时贤欣赏之是非之，此有阐扬艺学之精者也，佩服佩服！去年弟在柏林展画，获得相当成功后，又应汉堡敏与莱因河各省、荷兰、瑞士、捷克各国之请，巡回展览，所至欢迎若狂，大都政府、名流、硕学、通儒为之倡率，一唱百和，吸集欧洲艺坛视线。弟刻有来英筹备现代画展。英伦为世界文化中枢，尤关重要。兹进行数日，已得英学术名流热烈赞助，并勘定新百灵顿画院为会场。迩来英伦各
画家李竹瑞作品展,作画,山水,1935,画家李竹瑞作品展,evt_03035,《画家李竹瑞作品展》：“绍兴李竹瑞君，精绘事，山水尤其擅长，清末就幕蜀中，嗣遂税居成都，以绘画自遣，现年已七十余，造诣之深，世所罕觏。其所作山水，气魄磅礴，六法俱备，徐悲鸣曾题其一帧，谓‘皴点浑古，入眼新奇，当世大江南北，无此等人物’，又黄宾虹氏亦尝称其‘六法精通，当代无双’，惜以僻居蜀中，遂为世人所少见。近因□□□□，李君乃避乱来沪，友人有劝其问世者，先生以年事已高，沪上系暂寓，不久拟返川。近日京中寳文斋书画展览会开幕，友人丐其数帧陈列，如峨嵋写景、巫峡写实、匡庐诸作，并皆精品。李君寓上海西门路永裕里四八号，世有爱好艺术之士，当以一见为荣也。”（3月22日申报）
黄山琴棋书画社征求拟定名称、撰述序文,著述,山水,1935,黄山琴棋书画社征求拟定名称、撰述序文,evt_03049,《黄山琴棋书画社征求拟定名称、撰述序文》：“前任安徽第十区专员刘健中君，前在海上曾与过旭初、黄宾虹、江振华诸君发起一种组织，暂定黄山琴棋书画社，嗣由陈小蝶君拟一名称曰‘双溪社’，现又有徐传友君拟名为‘佛光社’，程管侯君拟名‘艺术社’，以谋扩范围，以上四种公称，胥未决定，兹由过君委托本报宣布以上情形，代为征求诸大文坛，于此四种名称之外，定一名称，并撰序一篇，交由本报代收转寄。如所撰文件能合该社诸公之意，定有相当之酬报云。”（6月6日沪黄报创刊号）
暮色,篆刻,山水,1935,暮色; 江山野雨图,evt_03052,《王济远返沪谈在菲举行书画展览经过△菲人对于中国艺术颇少认识△菲大美术院长特交换画一幅△并拟遣派学生来华研究美术》：“上海美术专科学校副校长王济远氏此次赴菲举行中国现代书画展览会业已完毕，于日前偕赴菲观光团同时返沪。上海社记者昨特往访王氏于寓所，据该画展经过及菲地艺术情形如下：△展览经过：王氏谈此次赴菲举办展览，目的在沟通中菲文化，敦驾友邦友谊，并借此筹款建筑美专新校舍，携带作品共计书画三百件，于上月十三日在马尼剌东方俱乐部及中华青年会两处举行。开幕之日，各国领事亲来参加典礼，颇为隆重，参观者亦拥挤异常，原定至十八日闭幕，旋应各界要求延期至二十三日闭幕，售去书画约两百件，余件由华侨教育会代为管
黄山全景图卷,作画,山水,1935,黄山全景图卷,evt_03057,3月，张善孖将代表黄社赴南洋举办巡回展览，作《黄山全景图卷》，与许承尧、吴湖帆、叶恭绰、谢公展等为之题跋，以壮行色。
黄宾虹画集,出版,其他,1935,黄宾虹画集,evt_03080,4月，大众出版社编印中国当代名家画集四十卷，《黄宾虹画集》出版发行。
宾虹小简,著述,其他,1935,宾虹小简,evt_03090,《宾虹小简》：“近有英国苏里文抵沪，向庞薰琹君代索时人画件，闻将著述画评。前十年间，意大利画家查龙来上海，屡为过从，渠返国后，以中国棉纸、毛笔、线条、设色，作简逸小幅赠余，中多与国画近似。美国芝加哥中国画论教授德里斯珂氏，前三五年尝连函参考。今欧美人谈画，多沾沾逸品，鄙见云林法荆、关，董玄宰宗北苑，王孟津学范宽，张稚恭师巨然，王凤洲谓弘治后吴门无画，惟张复差润，诚以用墨难于用笔。文、沈晚年，苍而并润，余多枯燥，自思翁用湿笔得墨法，而名作渐兴，且与欧美参究为合。大教幸有以进之。宾虹又上。”
学术世界出版预告,出版,其他,1935,学术世界出版预告; 学术世界,evt_03100,《学术世界出版预告》：“近闻陈柱尊、郑师许两教授发起编辑《学术世界》月刊，托世界书局出版发行。担任撰述者，如陈衍、唐文治、黄宾虹、张其淦、陈天倪、钱基博、吴康、陈钟凡、朱公谨、冯振、刘祖仁、庄强华、马宗荣、邰爽秋、傅式说、唐庆增、黄华表等。此外，并刊登前贤遗著，专以讨究学术为范围，内容甚为丰富，第一卷第一期月内即可出版。” （5月24日申报）
邱石冥国画展览会,作画,山水,1935,邱石冥国画展览会,evt_03102,《邱石冥国画展览会》：“北平名画家邱石冥主办京华美术学院凡十余载，近携个人杰作及学生作品百余轴南下游览名胜，假道沪滨，本市中国画会名家王一亭、黄宾虹、张聿光等数十人，特假座功德林设宴招待，并为发起展览，公诸同好。其日期已定于昨日起至二十八日在三马路石路东首上海文艺社举行。闻该会作品中，除个人花鸟山水杰作外，并有近作油画花卉一幅，为国画中别开生面者。其他尚有该院教授吴锐江、徐燕荪、于非厂、汪慎生、周怀民等合作多幅，均极名贵，而全部学生成绩均属精品，届时开幕，定有一番盛况云。”（5月26日申报）
芥子园画传,著述,其他,1935,芥子园画传; 书画书录解题,evt_03105,《余绍宋日记》同日条：“德国女子孔德者，柏林东方艺术馆研究员（同来女子吴颖字引至，硖石人，能德文）因叶誉虎与黄宾虹之介来访，操华语尚纯熟，告余已将《芥子园画传》译成德文，甚佩服余所著《书画书录解题》，谓已介于其国之学者。谈话历三小时，颇能明了吾国画学之精义，如谓西湖国立艺术院办理之不善，吾国近时画人祇知手技，绝少心灵；此次送伦敦展览之故物阙欠明末清初作品；西人祇知宋元画派，不知文人画之可贵；中国画重在气韵，而气韵绝难用言语形容；中国书画一体，不能作书之人不能学画，等等，皆今日时髦画画家所不能道者也。”
桂林八景图,作画,其他,1935,桂林八景图,evt_03111,6月，为陈柱作《桂林八景图》。
忆旧游,作画,山水,1935,忆旧游; 桂林八景图; 八景图; 八桂豪游图; 学术世界,evt_03112,陈柱《忆旧游》：“黄先生又为余作《桂林八景图》，而题桂林清道光间诗画家罗星桥（辰之）诗于其上。诗多，今不录，然星桥诗可谓生造险涩，欲与桂林山水争奇，而黄先生之《八景图》，尤足与《八桂豪游图》相发，盖前者以淡远胜，而后者以雄浑胜矣。近吾于友朋雅会之际，展图共赏，未尝不按图指曰：是吾昔日看黄先生写真处也，是吾昔日曾与黄先生大醉处也。”（《学术世界》第一卷第九期）
柏林中国美展会宴刘海粟,题跋,其他,1935,柏林中国美展会宴刘海粟,,
广西省政府举办全省中等学校教职员暑期讲习班,题跋,其他,1935,广西省政府举办全省中等学校教职员暑期讲习班; 学术世界,evt_03133,《广西省政府举办全省中等学校教职员暑期讲习班》：“（前略）今年暑假召集全省高、初中及师范学校校长、教导主任及国文教员来邕，分别加入教职员讲习班及国文教员讲习班训练，并敦请国画泰斗、暨南大学教授黄宾虹、交通大学国学系主任陈柱尊、无锡国学专门学院校务主任冯振、上海光华及大夏大学教授陈一百、广东中山大学教育研究所主任崔载阳，暨广州勷勤大学教授徐则邻七人为讲师，于七月二十二日起上课。……崔载阳讲：一、教育行政问题，二、中学校校长应负之责任。陈一百讲：一、中学教师应有之人生观，二、如何增进教学效率，三、考核成绩之原则及方法，四、关于教材与教法问题的实验方法。黄宾虹讲：一、金石学史，二、书法发微，三、图画
精神重于物质说,著述,其他,1935,精神重于物质说; 周易; 春秋; 说文; 汉（书）·艺文志,evt_03135,《精神重于物质说》：“《易》曰：‘道成而上，艺成而下。’道成、艺成，犹今所谓精神文明与物质文明也。中华四千年来，为文化开化最早之国。古之制作，皆古之圣贤，政教一致，初无道与艺之分。盖三代而上，君相有学，道在君相。三代而下，君相失学，道在师儒。春秋之世，文武之道，未坠于地，在人，贤者识其大者，不贤者识其小者，此道与艺之所由分，其见端耶？孔子删《诗》、《书》，订《礼》、《乐》，作《周易》，修《春秋》，问礼于老聃，问乐于苌弘，采百二国之宝书，以及𬨎轩所录之风诗。其时国学之掌于史官者，集大成于尼山。故孔门四教，文行忠信，又曰：行有余力，则于《说文》注谓：诗书，六艺之文。六艺者，礼、乐、射、御、书、数也
黄宾虹马万里两先生国画展览会小启,题跋,山水,1935,黄宾虹马万里两先生国画展览会小启,evt_03137,《黄宾虹马万里两先生国画展览会小启》：“黄宾虹先生初名质，字朴存，皖南歙县籍，生长浙东，弱冠肄业杭州、扬州、南京各书院。甲午丁外艰回歙，有志经世之学，垦荒田三千余亩。北行幽燕，归即绝意学业。民国前二年居上海二十余载，任国粹学报、神州日报、新闻报各报馆文艺编辑，兼任学校国文教授。入南社，有诗文集刊行。性喜金石书画、古物收藏，成杂著数册。书临周金，画学宋元，获古印千余纽，已有拓本二三集。近十年来，游浙闽诸山，曾入蜀中，登峨嵋、青城，粤西临桂林、阳朔诸名胜，均有诗画稿本。今应聘讲学后，闻将一瞻勾漏、都峤云。马万里先生，字曼庐，毗陵世家，幼颖悟，画秉天授。冲龄研六法，下笔即成。山水兼擅南北宗，具秀厚浑
漓江揽胜亭图卷,作画,其他,1935,漓江揽胜亭图卷,evt_03140,此际，为林次瓞作《漓江揽胜亭图卷》。
九龙潭图,作画,其他,1935,九龙潭图,evt_03157,新秋，重游九龙潭，作《九龙潭图》。
云归图,作画,其他,1935,云归图,evt_03159,约此际，为孙仲英画《云归图》。
归云楼图,作画,其他,1935,归云楼图,,
北流萝村陈柱尊山屋图,作画,其他,1935,北流萝村陈柱尊山屋图,evt_03168,为陈柱作《北流萝村陈柱尊山屋图》。
四时花卉图,作画,花鸟,1935,四时花卉图,evt_03170,秋，为张善孖跋其所作《四时花卉图》卷。
秋山烟树图,作画,其他,1935,秋山烟树图,evt_03175,为马君武作《秋山烟树图》。
松鹰图,作画,其他,1935,松鹰图,evt_03177,9月11日，与夏敬观、谢公展、诸乐三等聚于刘海粟“海庐”寓所，扺掌论画，并合作《松鹰图》。
渐江大师事迹佚闻,作画,山水,1935,渐江大师事迹佚闻; 石淙秋泛图,evt_03183,《渐江大师事迹佚闻》：“丙戌（当为乙亥）秋，重游黄山，还至西干，曾偕若婴一跻披云峰顶，展渐师墓。时邑中许疑庵、江彤侯两君方事修葺，鬛封三尺，植寒梅数丛，工犹未竣。拾级而上，远眺黄山云门诸峰，若在天际，而乌聊、紫阳二山，近接几案，澄江如练，环绕林麓，有舟筏二三浮沉于空明者，碎月滩也。前二百年，新安之盛，渐师作《石淙秋泛图》，尝与吴不炎、程非二、许青岩、江允凝诸公觞咏其间，纵观古人法书名画之乐，殊堪悬想，今不可见矣。坐憩移时，遂与循途而返。俄而夕阳沉阁，已入暝色。迨蹋城𬮱，灯火万家，隔江峰峦，隐隐云表而已。”
画展,作画,山水,1935,画展,evt_03214,《画展》：“名艺术家兼考古学者、新安黄宾虹氏已于昨日抵京，书画家许士骐、杨缦华伉俪特往欢迎，即下榻许寓。所作山水，独步一时。历任国内各大学艺术教授，门弟子遍国内外。” （11月3日南京《新民报》）
现代中国画坛的状况,题跋,其他,1935,现代中国画坛的状况; 真美善; 从美展作品感觉到现代国画画派; 美展; 教育部全国美展参观记,,
黄宾虹十事考·故宫读画,题跋,人物,1935,黄宾虹十事考·故宫读画; 九十杂述; 潘兰史遗诗; 故宫盗宝案真相; 故宫博物院组织法,,
茹经纪念堂落成典礼,题跋,山水,1935,茹经纪念堂落成典礼; 茹经堂画; 学术世界,evt_03232,《茹经纪念堂落成典礼》：“锡山唐蔚芝先生，为吾国当今大儒，经师人师，早已驰声中外。今年为先生七十寿辰，于是其门弟子张其洤、胡端行、傅焕光等发起集资筑茹经堂于太湖之宝界山。自去年（1934）一月二日举行奠基礼后，鸠工建筑，将及一年，现工程完成，庄严华丽，湖山为之生色。考琴山东临蠡湖，西环震泽，南通雪浪、军将诸峰，北接惠麓、九龙等胜，烟水回环，峰峦群立。又考琴山其形似琴，故名琴山。是山也，背圆而不峰，身长而秀美，突兀湖中，有中流砥柱之势。且宋刺史钱绅仲（濬泉）结庐楼隐于此，明王仲山先生暨子吏部郎鉴（继山）偕隐读书，又于是山建湖山草堂，即归震川所记宝界山居是也。仲山先生叠石疏池，营成三十四景，作湖山
国专校闻·黄宾虹陈柱尊二先生莅校演讲,题跋,其他,1935,国专校闻·黄宾虹陈柱尊二先生莅校演讲,evt_03237,《国专校闻·黄宾虹陈柱尊二先生莅校演讲》：“我国名画家暨南大学教授黄宾虹先生，暨交通大学国学系主任陈柱尊先生，应本校校长、教务长之聘，于上月九日由沪约同来校作学术演讲。黄先生讲题为‘中国画之认识’，其意谓中画与西画，若造极诣，其理相同。中国画家与西洋画家至于互相非诋，盖皆未能达其最高峰。并推之世间之理，九流百家之道，纷纭错杂，然考核其真谛，莫不殊途同归。论綦透辟。又谓提倡绘事，可以救挽人心。如画中所表出之幽情逸致，更加淡墨画之不施丹青，咸足令人对之志趣淡泊、心理超洁矣。陈柱尊先生讲题为‘墨子的尚义教育’，阐发隐奥，解剖精翔，各同学无不记录，以备不忘云。”（《国专月刊》1936年第2卷第5期）
南社纪念会成立记,出版,其他,1935,南社纪念会成立记,,
节盫印泥,篆刻,篆刻,1935,节盫印泥; 集古印谱,evt_03242,《节盫印泥》：“印泥有三品：细润净洁，鲜红悦目，钤于纸上，毫发必显，久而弥光，是为上品；质料精纯，调制得法，不沉朱走油，细腻适用，是为中品；参用洋红，颜色暗紫，凝结不化，黏蔽刻画，毫无精采，是为下品。明顾氏《集古印谱》所钤玉印之印泥，细润清朗，莫与伦比，此上品也。有清以来，诸好事所用者，大都中品，未见有超绝之作。今市廛所制者，多参用洋红，故其色暗紫而不鲜明，为识者所不取。方君节盫为余友介堪之介弟，研究斯道，颇具苦心，调剂之法，深得古人之秘，近制尤为精纯，而无嫉红黝紫之弊，诚上品也。兹拟公诸同好，爰为订例如左。褚礼堂、于右任、王一亭、赵叔孺、王福盫、黄宾虹、张大千、马公愚同订。中华民国廿五年元旦
古籀蒙求,著述,其他,1935,古籀蒙求,evt_03244,本年，为朱大可、朱其石著《古籀蒙求》题耑。
吴市长昨宴请名收藏家  为博物馆征求陈列物品,书法,其他,1936,吴市长昨宴请名收藏家  为博物馆征求陈列物品,evt_03321,《吴市长昨宴请名收藏家  为博物馆征求陈列物品》：“市博物馆新舍于去冬落成后，即成立筹备处于中华学艺社内，数月以来，渐有头绪。前曾分向本外埠收藏家征求陈列物品，已收到金石、陶器、甲骨、拓本等古器万余件。因求内容充实起见，故于昨晚，由吴市长在海格路私邸招待著名收藏家及学术耆宿，远道如南京、苏州各地兼程赴沪，翩然莅止。如蔡孑民、丁福保、王一亭、阎甘园、李拔可、黄宾虹、张叔驯、张葱玉、张善子、文素松、周子静、卫聚贤、潘博山、叶誉虎、程演生、管复初诸氏等，济济一堂，由市长及第一科长李大超殷勤招待。席间由市长报告计划建筑博物馆情形，陈述感谢各界协助之意，并望国内各收藏家尽量捐赠或寄存陈列物品。继由李科长
地之子,作画,其他,1936,地之子,,
市博物馆各方赠送陈列品踊跃,书法,其他,1936,市博物馆各方赠送陈列品踊跃,evt_03331,《市博物馆各方赠送陈列品踊跃》：“市博物馆自迁入新馆办公以来，工作非常紧张，各方送存陈列品更形踊跃。最近一周间，计有黄宾虹送存古瓷器、唐写经及明清书画等数十件，张叔驯送存汉漆器，胡汝鼎送存电机模型及各式无线电，狄平子送存古代人骨及名贵书画，田中修送存澳洲工人所用石器及珊瑚等，均珍贵而难得。京沪甬铁路管理局送存大鲸鱼，管复初送存唐宋明瓷器大小四十件。中委杨庶堪送存历代瓷器多件。杨氏为藏瓷名家，所藏著称中外，此次所捐之品，为杨氏一生心血所粹云。又该馆董事吴湖帆送存陶器、书画、盔甲等数十件，已由该馆派员赴苏领收云。”（3月8时事新报）
金刚钻,篆刻,山水,1936,金刚钻,evt_03336,与施济群书：“济群先生大鉴：许久不晤，念甚。顷有友寄来本星一日《金刚钻》报，载有鄙人入日籍一则，署名‘密勿’二字，未详何许人，不知此说从何来，本可不须置辨。鄙人原籍歙县，有黄山、渐水之名胜，新安夙号程朱阙里，理学渊源，明清两朝以来，文章道德，艺能之士，均足凌轹江浙诸省，至经学书画篆刻，尤为全世界所钦慕。近年偕同乡学者辑印《安徽丛书》，襄修《歙县志》，不忍恝置，旋食沪渎三十年，固未尝一日忘故山也。寓申日久，虽有二三日友讨论文艺，或存或亡，久不通讯。惟慨中国衰弱原因，不仅科学物质事事不如它人，即宗邦固有之文艺，均无有团体之研究，如日之说文会，及陆王学术书画道类，而徒标榜声气，征逐浮荡，窃为深耻。十
九华山拜经台图,作画,其他,1936,九华山拜经台图,evt_03340,春日，为友人重题旧作《九华山拜经台图》。
青山浮云图,作画,其他,1936,青山浮云图,evt_03344,春日，为黄文征作《青山浮云图》。
海山揽胜图,作画,山水,1936,海山揽胜图,evt_03347,为王季原作《海山揽胜图》，叶恭绰誉为开绘香港山水之“先路”。
俞剑华画展志感,著述,其他,1936,俞剑华画展志感,evt_03362,5月15日至17日，俞剑华假湖社开个人画展，为撰《俞剑华画展志感》。
横槎江上图,作画,其他,1936,横槎江上图,evt_03375,为罗复堪作《横槎江上图》。
清僧元济山水图,题跋,山水,1936,清僧元济山水图,evt_03377,为溥心畬藏《清僧元济山水图》题跋。
关于艺风社第三届画展,出版,其他,1936,关于艺风社第三届画展,,
黄宾虹十事考·北平画展钩沉,题跋,山水,1936,黄宾虹十事考·北平画展钩沉; 黄宾虹与过旭初; 艺观; 艺观; 艺观,,
江头西风图,作画,其他,1936,江头西风图,evt_03432,初冬作《江头西风图》。
飮虹簃校曲图,作画,其他,1936,飮虹簃校曲图,evt_03443,本年为卢前作《飮虹簃校曲图》。
寒月行窝图,作画,其他,1937,寒月行窝图,evt_03452,丙子腊月，为蔡守作《寒月行窝图》。
城南草堂勘书图,作画,其他,1937,城南草堂勘书图,evt_03469,春，为王叔平作《城南草堂勘书图》。
梅窗课子图,题跋,其他,1937,梅窗课子图,evt_03520,题汪孔祁《梅窗课子图》：”浮玉山前玉蕊香，书声曾记澈华堂。母仪钟郝垂彤史，千古慈云拥故乡。庭阶茁秀长孙枝，树德繇来信务滋。家学根深期实用，和羹应手好匡时。明之先生出眎母太夫人梅窗课子图属题。丁丑长夏，黄宾虹，时同旅燕京。”（汪世清提供）
绸缪,出版,其他,1937,绸缪; 绸缪; 古画微,evt_03539,按：黄宾虹《1937年日记片断》4月29日条有云“发上海、南京信，附《绸缪》杂志文”，所附当指此文。《绸缪》月刊本年自4月号起改组并刷新内容，由朱羲农出任发行人兼主编，由其约稿于黄宾虹。本文类同于黄氏《古画微》的修订部分。
游黄山诗,著述,山水,1937,游黄山诗,evt_03546,与陈中凡书：“斠玄先生大鉴：上春白门叙晤，至以为快。旋因贱躯小有不适，养静北来，迟迟未获南旋。近读大著《游黄山诗》，钦佩无量。去年仆信宿狮子林，昕夕观铺海，如在九龙、赤柱诸山望清水、浅水等湾，不知身环万峰也。谅有黄山纪游文，尊处如刊出，仍希赐示为荷，当写黄山图一角，以志胜事耳。中大下学期有友人余越园君授课，艺术作风应得一变。故宫古书画不乏佳品，士夫观摩日久，不难骎骎日上，所惜展览者，宝瓦缶而弃黄钟，亦鉴别者别有用心，未易教也。新获佳品何如，念念，专候著绥。黄宾虹顿首。七月十三日。”
柏园图,作画,其他,1937,柏园图,evt_03556,为许承尧绘《柏园图》。
我所知道的国画研究馆——〈为护国宝办画馆〉续篇,作画,山水,1937,我所知道的国画研究馆——〈为护国宝办画馆〉续篇; 罗汉礼佛图; 渔乐图册; 草虫画册; 山水画册,,
竹北栘问学录——师从黄宾虹先生学习书画鉴定的回忆,作画,山水,1937,竹北栘问学录——师从黄宾虹先生学习书画鉴定的回忆; 中国画学讲义; 南巡图,evt_03565,石谷风《竹北栘问学录——师从黄宾虹先生学习书画鉴定的回忆》：“1937年秋，我在北平古物陈列所国画研究会（馆）求学，黄宾虹是我接近最多的导师之一。我在黄先生客居北平十年间，登门问学未尝中断。每逢星期二，先生来国画研究馆讲课，他编印的《中国画学讲义》，内容包括绘画源流、笔墨技法和画家佚事等。先生讲学不尚空谈，着重理论联系实际，时常临画案详加指点。我当时正在临摹王石谷仿宋元山水画册，先生看过说：‘此画不真，是代笔。’我不以为然，觉得画得精致，又是宫廷藏品，就诧异地问先生疑点何在，先生指着画面说：‘笔力弱，墨气轻浮，不似王石谷笔法，仅是章法貌似。落款康熙己巳年，此时王石谷正绘《南巡图》，这画可能是门
陋轩集,著述,其他,1937,陋轩集; 会心吟,evt_03583,与陈柱书：“柱尊先生大鉴：叠荷手教，并法书二帧，感荷感荷。赐诗褒扬，尤为祗谢。北平艺专虽亦迁移庐阜，其中情形复杂，未窥底蕴。各省旅燕学子沮于道路者有百余人，尚拟留鄙人作讲授文艺之导，因观出于诚恳，聊作羁留。暇中搜辑明遗民之工画者，先由皖中入手。如僧渐江、程穆倩、郑遗苏皆处时艰，抱其亮节清风，不为污俗所染。渐江因程松门从学王渔洋为诗，王集曾一见之。遗苏亦仅于吴野人《陋轩集》偶载。垢道人虽从杨廷麟、黄道周诸公游，而所著《会心吟》已入禁书，今不可见，所幸交游稍广，佚闻较多。北方图书馆于明季诗文集不甚收，其闲且冷者，古人湮没，可憾！专复，此颂著绥。黄宾虹顿首。十二月八日。萝村图附函奉正。附拙草，另封寄
碧峰禅师山水图,作画,山水,1937,碧峰禅师山水图,evt_03589,跋《碧峰禅师山水图》卷：“此碧峰禅师所画山水，成于丁未，为元正至二十七年。沧桑世变，飘流河上，寓意画禅，否塞可想。明年洪武戊申诏举高行沙门，建普度大会于钟山，召问佛法鬼神情状，师以高僧奏对称旨，御制诗赐之。卒后，宋濂为撰舍利塔铭，遇何隆也。其先俗姓石氏，陕西干州永寿人，曾游五台山，建灵鹫庵，游学之僧多至千余人。又尝跌坐大树下，会溪流横溢，人意其已死。越七日，水退视之，燕坐如平时，惟衣湿耳。详载江宁府志。夫道之所存，诚不以境遇丰啬系怀，故其作画气韵清逸苍润，层峦叠𪩘，犹有北宋遗矩。论者言其画山水似江阴道士彭玄中。彭玄中学何澄，何澄当宣德间，以藨擢兖州牧，距洪武初近六十年，时代较后，是欲以刘道士、
说蝶,著述,其他,1938,说蝶,evt_03597,撰《说蝶》，以虫化蝶的三眠三起喻学画三个时期。
圣盗泉卷,题跋,山水,1938,圣盗泉卷,evt_03598,与陈柱书：“柱尊先生大鉴：奉诵手教，并瞻大著诗画，感荷感荷。王摩诘诗中有画，画中有诗，工诗必工画，古来文人莫不皆然。但诣力所至，各有不同，而气运生动，必由天授，此六法不易之论也。承赐画册，正是气韵天成，虽古名家，亦不多觏。仆见明代詹东图、查梅壑诸人，最初之作与晚年多不类，而气韵即与庸史迥别。况先生文词书法极有根柢，含蕴画笔之中，乌得不超？敬佩敬佩。拙著画说，尝谓画家当有仙气。蒙庄梦为蝴蝶，蝴蝶羽化之仙也，翩翩衣五彩之衣，翔风餐露于花光草际，优游自得，物莫能害，人所羡艳而不可能，而寓之于文。画者，文之余，亦云文之极。学画当如蝶之成仙，自乐其乐可耳。当其孵化成蚁时，经选种者之淘汰，其生成者，如画家
读画一得,著述,山水,1938,读画一得; 读画一得; 说蝶,evt_03600,存考：古物陈列所国画研究室首期研究员唐怡根据黄宾虹讲学内容撰《读画一得》连载于1939年1月的《新北京报》，厘为“修养”、“用笔之嬗变”、“墨法之嬗变”、“纸绢”、“章法”、“绘画与宗教之关系”、“气韵”、“苍润”等章。在“修养”一章里写道：“庄子每自拟为蝴蝶，曾谓不知我为蝴蝶，蝴蝶为我。绘画一道，亦可以作如是观，由青虫至蛹华，可分三个时期，如青虫期——吃叶生长——即研究笔墨，注意章法、理法等，进而递至‘做蛹期’，则不在多画，应有读书、行路之修养，多看古来名迹，多游名山大川，得烟云出没之变化，即可翅成而栩栩然翺翔于天壤间，从心所欲而成名家矣。”此文采录于黄宾虹讲学内容的痕迹昭然可见。现存讲学记
秋山图,作画,山水,1938,秋山图; 浮岚; 夏山,evt_03602,自题：“赵宋南渡，刘松年、李晞古作山水画，皆用重色，以粉饰承平。董思翁言，润州张修羽所藏黄大痴《秋山图》，用青绿设色，写丛林红叶，翕赧如火，研朱点之甚奇，当为一峰妙墨第一，非《浮岚》《夏山》诸图堪为伯仲，岂其尚有南宋遗意耶？甚矣积习之移人也。戊寅之春，刚主先生出佳楮属作设色山水，日久不事丹青，安能拟议古人哉，聊供嗢噱而已。天都黄宾虹。”（香港缘山堂藏）
淞南醉别图,作画,其他,1938,淞南醉别图,evt_03603,去年11月上海沦陷，本年2月陆丹林转赴香港，得悉此消息，为作《淞南醉别图》赠行，有“不堪风雨东南急，白浪掀天送客舟”之语。
春明馆看花图,作画,其他,1938,春明馆看花图,evt_03608,春，作《春明馆看花图》卷寄赠许承尧。
中央公园画展 捐京华美术学校,作画,书法,1938,中央公园画展 捐京华美术学校,,
以世界眼光求艺术真谛——谈黄宾虹先生对学术交往的卓见高识,题跋,其他,1938,以世界眼光求艺术真谛——谈黄宾虹先生对学术交往的卓见高识; 明清绘画展览; 认识中国绘画的新途径; 名家翰墨,evt_03622,洪再新《以世界眼光求艺术真谛——谈黄宾虹先生对学术交往的卓见高识》：“关于法国收藏家杜博思（又名杜柏秋，Jean Pierre Dubosc），值得多说几句。他和曾在中国游历购求古物的美国学者席克门（Laurence Sickman）一起，在纽约维尔登斯坦因画廊举办了明清绘画展览（1949年），是率先赏识后期中国画——明清绘画之特殊价值的欧美人士。在此之前，欧美公众的欣赏趣味还集中在受日本人偏爱的南宋马夏一派的装饰风上，而对中国文人特别注重的笔墨传统还不能有所领会。杜博思、席克门等人在华期间，因为长期泡在中国古董商和鉴赏家的圈子里，所以直接得益于中国传统的审美趣味，鉴别书画艺术的能力自然高人一
溪山无尽图,题跋,山水,1938,溪山无尽图,evt_03626,戊寅六月，为萧建初题跋董其昌《溪山无尽图》卷。
金华洞风景,作画,其他,1938,金华洞风景,evt_03634,夏，张祥凝刻“宾公”朱文印，并托陆丹林作介乞画，为作《金华洞风景》。
大观帖,著述,书法,1938,大观帖; 守玄阁文稿,evt_03640,与陈柱书：“柱尊先生大鉴：屡承惠缄，祇因亟图南旋，种种沮隔，未遑答复，罪甚罪甚。赐《大观帖》影印本，暨录垢道人诗，又大著《守玄阁文稿》，均拜领，感谢之至，厪注殷殷，论及南中情况，诚确然也。北居虽多文艺之士，不乏区分畛域，互为倾轧；且喜援引新交，辄加入其流派，重之为董事、评事名目，实则图骛虚声耳。仆因此恒思避地而居，或时戢影荒郊野寺中，读书习字，间尔作画，亦为踪迹之者强入城市，非得已也。旧友音讯不通，今已年余。歙邑亲族无消息，传舍间两侄女相继溘逝，益增悲叹。平时来从学画士女颇众，惜于文学均浅薄，能知振理旧籍者，什无一二，惟笃信好学，不少其人，差可慰怀。秋斋、钵文、古愚诸君，时在念中，无恙皆可喜。
宋故行宫图,作画,其他,1938,宋故行宫图,evt_03652,冬，为陈柱作《宋故行宫图》。
助读楼图卷,作画,其他,1939,助读楼图卷,evt_03660,1月，赫宠恩造访，恳请为绘《助读楼图卷》。16日（戊寅十一月二十六日）驰书详载尺寸画面内容等项。
助读楼图,题跋,其他,1939,助读楼图,evt_03661,赫宠恩书：“黄老师座函丈：敬恳者日前造府专诚拜谒，并恳抽暇分神代写《助读楼图》手卷一大张，当因生是真心爱好，并誓与身共存亡，必代保护于久远，异地逢知已，已蒙垂青慨许，余乐今犹方兴未艾，未尝片刻已也。兹将代作此图时可供参考资料者五项呈奉于左，请吾师长代留意及之，至感至祷。（中略）附恳者：前次向我师尊征求助读楼题诗，已蒙书就，请将原纸早日代寻用印掷交门人，以便馨香归入征诗专册中，至祷至祷。恭请教安，并祝阖府吉祥。门人赫宠恩谨上。戊寅十一月二十六日。（因生夫妇同毕业于大学法科，如此题记不特可记我师生之翰墨缘，并可记我夫妇之学位传远，作法作双管为佳。法学士是门人夫妇各于大学毕业时所得之学位，欲其传远，
晚明史籍考,著述,山水,1939,晚明史籍考; 与斯集; 黄山诗留; 黄山诗草,evt_03663,谢国桢书：“宾虹先生道鉴：新春久欲趋教，皆以鞅掌簿书，未能如愿，至为憾甚。适接惠示，敬悉道履清适，为颂为慰。承询张隽彦之遗事，拙著《晚明史籍考》曾记其事，著有《与斯集》，为与修庄史十八人之一，恐亦罹文字狱者，所未受祸者仅范数家而已。吕晚村所称之张彦之，当系一人也。详细事迹，因手间无书，容检出当以抄呈也。顷在厂肆见有《黄山诗留》、《黄山诗草》（此书在隆福寺保粹斋）等书，颇欲为吾丈代购，但恐已有其书耳。容日夜间当趋教也。耑此，即颂道绥。晚学谢国桢再拜。二月廿一日。”
书有风格——中国书法史,著述,其他,1939,书有风格——中国书法史; 中国绘画史; 中国书法史; 国画之民学,,
仿倪云林图册,作画,其他,1939,仿倪云林图册,evt_03672,春夏之际，为陈柱尊作《仿倪云林图册》。
惠麓图,作画,其他,1939,惠麓图,evt_03673,自题一：“云林画《惠麓图》，云‘廿二日复从仲明假以赠陆信甫’，事隔十二年，而交谊可见。”
说文,书法,书法,1939,说文; 说文; 广韵; 长青馆藏中国书画,evt_03683,朱炎午题：“题宾虹仿云林画册。老友宾虹画入神，新安画派最清真。兴来忽仿云林稿，十纸缄题赠故人。师林摹本数前翰，尽道无如查士标。今见倪黄真合作，画情我觉一峰高。倪翁树石最萧闲，焦墨微皴即是山。枝干无多见繁密，我知此法本荆关。弥天兵火感收藏，乱世惟应语吉祥。我为柱尊书纪念，子孙永宝贮青箱。柱尊先生雅属，北平朱炎午书篆。《说文》无‘查’字，《说文》木部作柤，闲也。左形右声，非上形下声，今字作‘查’，从木下旦，全失形声，不知所出。因系人姓氏，不可更书它字，故通俗书之。按《广韵》九麻有‘查’，下从且，非从旦。篆书作‘查’，非敢异也，愿与方家政之。就闲又志。”（《长青馆藏中国书画》）
平复帖,作画,其他,1939,平复帖; 缘山堂; 息茶庵; 留今翠轩; 画谈,evt_03701,与黄居素书：“居素仁兄大鉴：叠诵手书，聆悉兴起清适，至慰至慰。前寄奉画册，系近年读画余暇挥洒之作，零碎不齐，尺寸不复记忆，兹检行箧尚存一页，是否长短相同？如合当再补画，复示为盼。仆自粤游后，为友邀阅故宫南迁书画，新旧三年，不下万余轴，卷册差同。中惟明清二代绝少精品，南宋元人画颇多有奇特者。细玩古人笔法相承，至文、沈后已失。文五峰刻意学唐画，奇伟秀丽，高出征仲之上，后世罕知。元季四家，古拙处亦全从唐画来，初看甚率易，凝神观之，真是一幅最工细之作，工在意不在笔，而笔之妙全是功力深到之处，后人不能学。仆因发奋，每日拂晓而兴，勤习无间断，积大小画五百余纸，在沪被窃大半，北平所作，又尽失去。后得惬心之作
峨嵋山图,作画,其他,1939,峨嵋山图,evt_03704,秋，为黄居素作《峨嵋山图》长卷。
七乘,作画,山水,1939,七乘,evt_03705,自题：“甲戌、乙亥、丙子三年中游蜀粤归，得写画稿千余纸。观故宫南迁名画，寒暑无间，数以万计。因采各家所长，出以己意，昕夕点染，置行箧中，自南而北，又历数年，始足成之。余自胜衣就傅，随侍金华山中，诵习余闲，见古书画即心喜之。家有古今名迹，晨夕展对，悟其笔意，优游自得。弱冠返歙，求睹黄山世族旧藏，跋涉远道，不惮劳悴。长侨淮海，时古物珍玩麕集维扬，鹾业犹盛，泛览群籍，闲蓄法书名画可三百轴，明代楮墨弋获尤多，行箧往来，携以自随。洎清叔季，旅食沪上，欧美人出其雄赀，搜罗唐宋古画。四方至者，真赝杂出，得以甄别选录，临摹章法，购置元人逸品，参悟笔墨。既师古人，兼师造化，因游粤桂、荆楚、齐鲁、燕赵、川蜀诸山水
东涯老屋图,作画,其他,1939,东涯老屋图,evt_03706,秋，应段拭请，为其伯父张伯英作《东涯老屋图》。
徐州续诗征,题跋,其他,1939,徐州续诗征; 东涯老屋图,evt_03707,自题：“曩观勺圃先生所选《徐州续诗征》二十二卷，具见铜山萧沛丰砀人文之美，林泉之盛，为之欣羡不置。兹写《东涯老屋图》，仿佛渊明栗里、摩诘辋川一角，即请教正。宾虹。”张伯英题：“己卯秋，内侄段拭无染请宾虹作此图。无染，宾虹之画弟子也。予笑曰：破屋乌足图，重烦宾虹胡为哉！次岁予七十，儿子宇慈乞出图征诗，予不愿为寿，弗之应。无染赴都，已五年未得见，忆前事因书。甲申仲春十有七日，东涯老人。”
焦山消夏图卷,作画,其他,1939,焦山消夏图卷,evt_03708,10月，蔡守代黄仲琴乞画《焦山消夏图卷》。
焦山消夏图,作画,其他,1939,焦山消夏图,evt_03709,蔡守书：“宾虹老兄足下：八月廿八日挂号寄上程宾白画册款识与跋，浅绛冷金笺二叶，乞赐跋程册及册首，又米色旧册一叶乞题汪芥亭画册首，白色冷金笺四条乞诗画，计可早到也。九月三号又上一书，迄今月余未辱写寄，至盼至盼。香港帅铭初书来谓每月介绍缋事，润毫可三五百金，信然，则足下笔墨生涯亦不恶也。今得黄仲琴写寄奉题凤六山人画册一来嘱转上，并云欲得足下为写一小手卷（高约五寸，长约二尺）作《焦山消夏图》，因流落岛市，殊非裕余，拟奉卅金，足下俛允，当即寄奉如何？此叩道安。弟守顿首。十月八号。”
双树居图,作画,其他,1939,双树居图,evt_03724,本年，为杨铁夫作《双树居图》卷。
画谈,作画,山水,1940,画谈; 图绘宗彝; 芥子园; 十竹斋; 画征录,evt_03728,《画谈》：“［绪论］古有三不朽：立德、立功、立言。中国言成德，欧人言成功；阐明德性者，东方之艺事，矜尚功力者，西方之艺事；意旨不同，而持论异矣。孔子曰：‘士志于道，据于德，依于仁，游于艺。’道德依归于仁，仁者爱人，一艺之微，极于高深，可进乎道，皆足济世。图画肇始，原以羽翼经传，辅助政教，法至良，意至美也。支分流派，至有山水人物花鸟虫鱼诸类；一类之中，又有士习、院体，以及江湖、市井技能之攸异。其上者，足以廉顽立懦，感发清介绝俗之精神；其下者，仅以娱情悦目，引起华侈无厌之嗜欲。遵循日久，相习成风。正如歌曲郢中下里巴人，和之者众，而引商刻羽，杂以流徵者，乃以知希为贵而已。浅根薄植之子，漫不加察，遂以
蒙山隐居图卷,作画,其他,1940,蒙山隐居图卷,evt_03732,应蔡哲夫之请，为何觉作《蒙山隐居图卷》。
蒙山隐居图,出版,其他,1940,蒙山隐居图; 焦山消夏; 中国文艺; 国艺,evt_03733,蔡守书：“宾虹老兄执事：病中得挂号书，并《蒙山隐居图》卷子，洵得意之作，且题句亦高妙可喜，钦佩钦佩。但蒙山已沦为战域，不识何君更从亡何去，须竢再得其消息方能郑重寄与。我公患目疾须用手术，谅静摄不久定能复元，肇豫书来，同深注念，并为代致意。王希哲书谓已钤所得玺印计亦可到也。汪葑画册子，我兄不欲题，何敢相强，惟乾隆白色冷金笺四条，务希赐缋，以效垢道人焦笔为公独步，亦守素所爱者，幸无吝也。十一月廿五号寄上仲琴来书，乞写《焦山消夏》卷子，亦望有以慰其久慕之忱是幸。又托庵转交烟客缋画年表一册，计达乎左右。时在北京出版《中国文艺》中，得拜读大著，佩甚佩甚。弟亦以金泥石屑琐碎笔记□此间出版之《国艺》，曾嘱会
茶寿高会图,作画,其他,1940,茶寿高会图,evt_03735,2月23日为明人杜茶邨生日，蔡哲夫以流亡时曾居杜茶邨（于皇）故宅，仍召集友人，举行茶寿会，为作《茶寿高会图》，蔡氏得画，惊其已变“新安之旧”。
江山寥廓图卷,题跋,山水,1940,江山寥廓图卷; 西塞诗,evt_03747,题吴山涛《江山寥廓图卷》：“吴塞翁世居歙之泽富村，以明崇祯孝廉授陕西成县令，三年致仕。时秦中初平，城尤湫隘，居无官舍，惟以石作几，终日晏如，赋诗不辍，秦抚深敬爱之。乃请于抚，以纵情诗酒纠罢其官，延之幕府，遂得遨游塞外。著有《西塞诗》。后侨居钱塘，终老吴山，啸歌子得，种秫为娱。更浮家泛宅，往来苕霅之间。朱竹垞太史赠以诗云：“诗人吾爱塞翁好，风格西陵别擅场。嗜酒肯淹千里驾，罢官为起七歌堂。云山画出无前辈，暑雨灯前话故乡。甪里菜畦原未卖，归时休止恋余杭。”盖纪实也。塞翁画多简笔，遒媚如邹衣白，疏放类查二瞻，胸襟潇洒，意境高超，是得大痴神髓，而成逸品，宜非寻常画史可能望其项背矣。纫秋先生具慧眼而有此卷
松籁阁图卷,作画,其他,1940,松籁阁图卷,evt_03748,夏，为翁纫秋作《松籁阁图卷》。重出
山居清话图卷,作画,其他,1940,山居清话图卷; 松籁阁图卷,evt_03761,夏，为翁纫秋以焦墨法作《山居清话图卷》、《松籁阁图卷》。
黄山写生册,作画,山水,1940,黄山写生册,evt_03769,秋，为黄居素作《黄山写生册》十二帧。
林衡者诗意图,作画,其他,1940,林衡者诗意图,evt_03772,秋，作《林衡者诗意图》。
风雨勘诗图,作画,其他,1940,风雨勘诗图,evt_03778,冬日，高吹万寄眎《丁丑戊寅日记节钞》，内充溢怀念亡女之情，作《风雨勘诗图》慰之。
四川盆地的农林土地使用,著述,其他,1940,四川盆地的农林土地使用,evt_03785,"按：德里斯珂信件仅见三通，因太平洋战争发生，德里斯珂与黄宾虹的通信管道也告中断。据洪再新函告，德里斯珂中文信的代笔者为Hu Chiao-ju/C. Y. Hu/Charles Y. Hu，四川人,1910年生。1942年芝加哥大学地质学博士，论文为《四川盆地的农林土地使用》（The agricultural and forestry land-use of Szechuan basin，Chicago, Ill., 1946.）。限于第二次世界大战等原因，德氏计划所著述的中国绘画史未能完成。"
受觛篇,著述,其他,1941,受觛篇,evt_03791,段拭书：“夫子大人函丈：顷奉熙宇先生转来尊作《受觛篇》，拜读谨藏。并悉赐画，后另寄，感激寔深，当引颔望之也。寒翁先生于十二月卅一日夜子时病逝，受业得耗即往痛哭之。前辈知交，又去一人，悲伤曷已。月色夫人谓，寒翁于是晚十时许精神尚佳，并进食少许，与诸友畅谈甚欢。殆至登榻就寝，病忽大变，大呼数声，一笑而逝，前后不过一刻钟耳。殁之次日，即送至殡仪馆，定于月之十二日安葬阳山永安公墓。葬后并拟开会追悼。至其殡事一切用费，均系在京诸友人设法筹出也。寒翁身后萧条，而谈夫人又伶仃无所依，此情此境，令人凄然泪落。知关尊注，谨以奉闻。专肃，敬请炉安！受业拭谨肃。一月五日。”
画响,著述,其他,1941,画响,evt_03792,与段拭书：“无染学兄鉴：前诵手翰，聆悉寒翁作古，不胜悲悼。月色夫人能画能刻，将来熟人中得多张罗，作件度日，或可维持。鄙人目力日差，写字尚可依行下笔，作画已大不胜。惟近年自留旧作赠友好，三五年前寄存金华山中有取还者，兹捡奉览一帧。知友纷纷函索，均愧无以应也，奈何奈何。复候时祉。宾虹顿首。再者，南京图书馆有《休宁县志》，拟查李永昌所著《画响》，丁云鹏诗集，查士标、汪之瑞、戴思望诸人轶事，在图书馆正好趁闲编辑数种有用之书。今最缺乏者为金石书画，向未得多人董理，而真正有用之书，公家不能购，私人力量薄弱，以故东方文艺不易发扬。如有清一代（除经学外），尽是院体、市井、江湖、文人诸恶习充塞宇宙，安得有一线之
碧山草堂图卷,作画,其他,1941,碧山草堂图卷,evt_03823,初夏，为翁纫秋作《碧山草堂图卷》。
雪庐画社举办扇展△今日开幕,书法,人物,1941,雪庐画社举办扇展△今日开幕; 松阴高士; 庭闺仕女; 秋野幽禽; 白孔雀,evt_03826,《雪庐画社举办扇展△今日开幕》：“雪庐画社主办之时贤扇展，今日起在稷园举行，连日收到名书画家精品甚伙，昨日开始布置，陈列甚为齐整，举凡名家如吴待秋、齐白石、周养厂、黄宾虹、萧谦中、溥心畬、陈半丁、王雪涛、季观之等，书家如寿石工、罗复堪、沈凤翔等，均有出品，并有陈半丁、萧谦中合作，齐白石、王雪涛合作，寿石工、宋君方合作各品，均极精湛。又雪庐画社导师，如晏少翔之《松阴高士》《庭闺仕女》、钟质夫之《秋野幽禽》《白孔雀》、王心竟《松阴清话》《双松平远》、金禹民之篆隶钟鼎、朱书《百寿图》，并该社学员本年精华，均同时陈列云。”（6月1日新北京报）
参观随笔,作画,山水,1941,参观随笔; 长恨歌; 老杏; 蜀葵; 阿弥陀佛经,,
郭味蕖画展今日第三日,作画,山水,1941,郭味蕖画展今日第三日; 仿新罗花鸟; 芍药; 春柳图; 白梅,evt_03845,《郭味蕖画展今日第三日》：“名画家郭味蕖，潍水望族，富收藏，精鉴赏，每日沈浸于古书画中，孜孜伏案，融会古人，自出炉冶，所作山水花鸟，精雅绝俗，秾丽中度，气韵闲远，洗尽甜浮。画展自开幕二日以来，风和日暖，稷园路上，游人倍增。如黄宾虹所题之《仿新罗花鸟》，周养庵所题之《芍药》，溥心畬所题之仿赵大年《春柳图》，于非厂所题之《白梅》，风趣高古，别具町畛。他如仿奚铁生之山水，仿南田之《二苏图》，以及《读书秋树根》、《层峰霁雪》各页，尤为人所称赏。郭君画宗南北，屡在沪、杭、青、济举行各展，久为各界所钦仰，今日所得之圆满结果，决非偶然也。”（8月26日新北京报）
增补砚边点滴,作画,山水,1941,增补砚边点滴,evt_03861,存考：正如他的书法一样，黄宾虹花鸟画的创新与造诣，很长时期以来，为他日益隆盛的画名所掩盖。这固然与他花鸟画问世晚而且少（相对于山水画而言）不无关系，此外还有一个不容忽视的原因，即与他具有独创性的花鸟画一时不易为世人普遍接受有关。接受需要时间。这可以从近年来他的花鸟画集日渐行销得到些微信息：他的花鸟画正日渐得到愈来愈多人的认同和激赏。齐白石以其花鸟画笔墨趣味作的山水画，和黄宾虹以其山水画笔墨精神作的花鸟画，最初都得不到世人普遍的认可，而到最后又都赢得超凡的声誉（祇是就黄宾虹而言来得更晚一些），不能不说是个意味深长的现象。山水画家画花鸟较诸花鸟画家画山水，按照钱松嵒先生《增补砚边点滴》一书说法，具
石谷风画集·年表,书法,其他,1941,石谷风画集·年表,evt_03866,《石谷风画集·年表》1941年条：“经黄宾虹先生介绍，购置一批晋唐文书和写经墨迹。据黄宾虹先生考证，此批文书和写经残片年代，上限为西晋，下限至宋初，后即以时序编排成册，曰‘晋魏隋唐残墨’，黄宾虹先生以‘予向’署名题签。”
江行秋色图卷,作画,其他,1941,江行秋色图卷,evt_03870,本年为翁纫秋作《江行秋色图卷》。
宾虹先生今年七十有九，以诗徴和，即步原韵,出版,其他,1942,宾虹先生今年七十有九，以诗徴和，即步原韵; 雅言,evt_03886,莼衷《宾虹先生今年七十有九，以诗徴和，即步原韵》：“昨闻启宾筵，国老崇七子。尊贤果由诚，王道或兹始。黄翁隐衡门，虚荣夙所耻。抑抑戒武公，英气早已弭。吾侪癖贫贱，道味相悦喜。敢云祝噎哽，杯酒佐以史。清言杂古今，一洗筝琵耳。佳篇述畴昔，语短心靡已。唱酬且云乐，宁问世路陁。富贵交千金，儒素交一纸。旷观竹林英，终逊柴桑美。人海涌万流，孤柱自撑时。匪以告邦人，亦足诏后起。当年金峰翁，七十有九齿。满腹奇文章，争新语弥旨。吾以祝黄翁，千顷波无埃。”［《雅言》壬午（1942）卷四］
八十感言,著述,其他,1942,八十感言,evt_03887,按：莼衷即闽侯陈宗蕃。此处所引黄宾虹《八十感言》为定稿，陈宗蕃所和者为未定草，所以产生两诗韵脚的差异。又1943年夏黄氏自录本诗未是稿亦可参考，见下年条。
黟山奇卉册,题跋,山水,1942,黟山奇卉册; 黄山异卉册,evt_03888,约此际，崇古斋古玩铺冯姓伙计持黄凤六临雪庄和尚《黟山奇卉册》（又名《黄山异卉册》）来兜售，索价三百元，将成交。画商见谱主欲得，以为可售高价，中途持去售于苏君，苏请以题跋，因以将前临未毕者补全。
荣宝斋珍藏,题跋,其他,1942,荣宝斋珍藏,evt_03891,又：“凤六公画册，冯估携来，索三百元，余损其一百元，将得之，崇古斋以冯亟返家取回候答复。中途为一恶估截夺之，闻余还价，意可获多金，不以告我，而售于苏君，苏君因告余，且属题识。拟为续临，以成完璧，并以志感。” （《荣宝斋珍藏》绘画卷八，荣宝斋出版社）
杨铁厓诗意图,作画,其他,1942,杨铁厓诗意图,evt_03893,初春，以吴仲圭（镇）法作《杨铁厓诗意图》。
陆元同：新的质疑,题跋,山水,1942,陆元同：新的质疑; 中和; 石溪石涛画说; 龚半千; 黎美周诗才,evt_03901,拙文《陆元同：新的质疑》：“1942年3月1日出版的《中和》月刊刊出署名‘元同’的文章《释石溪事迹汇编》。‘元同’，一度被认为是黄宾虹的笔名，由于‘元同’是黄氏古物陈列所国画研究院的一位学生，全名叫陆元同，其人还健在，现名陆放，因此署名问题不久便得以澄清。似乎事情已经有了结论。有了结论的事情再度受到质疑，是包括‘元同’在内的许多人所没有料到的。在搜寻黄宾虹佚文时，我们发现，早在《释石溪事迹汇编》发表一年半前的1940年9月15日，《新北京报》的《艺术周刊》便载有《石溪石涛画说》（第八十二期至八十六期连载），署名也是‘元同’。不久，同年12月1日周刊刊载《龚半千》（第九十三期至九十六期连载），翌
寒琼遗稿叙,出版,篆刻,1942,寒琼遗稿叙,evt_03921,《寒琼遗稿叙》：“忆自己酉，余恫时艰，将之皖江，道经沪豄，时黄晦闻、邓秋枚两君刊辑国学丛书，蔡君哲夫共襄其事，因缔交焉。蔡君研究古籀文字，诗学宋人，书画篆刻，靡不涉猎，海内知名之士，文翰往还，几无虚日。又尝奔走吴越，拟游泰岱，适战事作，遂还粤中居十余年。以余独好三代文字，时为得古印谱寄余。后以访友重来，旋寓金陵，偕其配月色夫人，文艺自乐，倡和尤多。然坎坷无所遇，处境益贫，而诗日益进。性独嗜茶，自比于杜茶邨，而卒郁郁以老。嗟夫！茶邨挟济世才，丁时数奇，忧患流离，羁栖转徙，其所为诗，读者谓为如天宝之杜甫，义熙之陶潜，前后不同。以蔡君之才之遇，方之茶邨，古今一辙，当无不同。遗编仅存，世乱未已，晦闻先
南山瑞霭图,作画,其他,1942,南山瑞霭图,evt_03922,冬日，作《南山瑞霭图》祝黎母甘太夫人寿辰。
燕郊纪游图,作画,其他,1942,燕郊纪游图,evt_03930,本年，作《燕郊纪游图》。
李空同词意图,作画,其他,1942,李空同词意图,evt_03932,本年，为黄公渚作《李空同词意图》。
八十感言一首录奉藏园先生郢正,著述,山水,1943,八十感言一首录奉藏园先生郢正; 字诂; 文说,evt_03953,《八十感言一首录奉藏园先生郢正》：“我诞乙丑年，蓂算犹甲子。应候知春迟，堕地得岁始。啖惟蔗自甘，拙乃可耻。荣期有生乐，蚩尤亦兵弭。幼承宗族贤（谓慎之修撰思永，次荪庶常崇惺），修业父母喜。楹书宝世守（白山、春谷两从祖著《字诂》、《文说》），图画稽众史。经训勤菑，农秉耒耜。神沕穆初，文献徴宗祀。仰数千载，彭眴息耳。八十学无成，炳烛心未已。云山事卧游，纂述接遐轨。夙昔此微尚，行箧纷董理。金华予季居，丘壑颇清美。儿孙侨香岛，海见渟峙。各安天一方，世乱怵流徙。鱼鸟音书绝，荒歉呼庚癸。四境多疮痍，忧思积成。故人怜衰朽，念及牛马齿。虽得宾朋欢，那能咽清旨。当期泰运回，坏劫尽去否。复邦交，都邑辅车倚。庶瞻民困
诗书画,题跋,山水,1943,诗书画; 诗书画; 约翰·克利斯朵夫,evt_03970,又：黄傅论道，我们不能仅仅把它视作一段佳话。透过他们的鱼雁往来，我们发现他们讨论的，乃是中国画史上最重大的话题，即传统中国画的本质，以及中国画的未来走向。自本谱初版以来，八易寒暑。近年来，陆续有学者踏入这个两人世界，特别是前不久创刊的《诗书画》杂志，连续数期作了专题探索。之前，澳大利亚学者罗清奇博士Claire Roberts撰写Friendship in Art-Fou Lei and Huang Binhong由香港大学出版社于2010年出版，是第一本研究两人世界的专著。兹录该书作者为《诗书画》写的专文：“随着历史画卷逐渐展开，黄宾虹和傅雷双双发现，自己在文化的政治中站错了队。正当两人在二
蒲松龄集,作画,其他,1943,蒲松龄集,,
眉寿图,作画,其他,1943,眉寿图,evt_04005,9月26日秋分后三日，童大年作《眉寿图》以为八十华诞寿。
观画答客问,著述,其他,1943,观画答客问,evt_04007,9月，傅雷撰《观画答客问》，以为画展特刊阐述画理之本，读后引为知言，删去套语，印作艺专讲义。
黄宾虹先生山水画册,出版,山水,1943,黄宾虹先生山水画册,evt_04011,11月19日至23日，由傅雷、裘柱常、顾飞等筹划，在宁波同乡会四楼举办个展，马公愚书“黄宾虹书画展”，傅雷主持操办一切展览事务，刊印《黄宾虹先生山水画册》、《黄宾虹书画展特刊》，观者踊跃。
晚晴山房图,作画,其他,1943,晚晴山房图,evt_04017,11月29日，夏丏尊托傅雷代请为纪念已故弘一法师重作《晚晴山房图》。
万松峦翠图,作画,其他,1943,万松峦翠图,evt_04024,冬，为翁纫秋作《万松峦翠图》卷。
黄山松图,作画,山水,1944,黄山松图,evt_04030,此际，作《黄山松图》祝许承尧七十寿。
闲闲山庄图,作画,其他,1944,闲闲山庄图,evt_04054,春，为高燮作《闲闲山庄图》。
山庄图,出版,其他,1944,山庄图; 山庐好,evt_04058,又：“宾虹先生老友惠鉴：先后得赐寄法绘立轴《山庄图》及法书联，喜跃不可名状，当次第即付装拓，联用明代墨书，非公自言，殊不易识。故此联即将尊函一牋裁开，嵌拓于旁为证，亦颇别致也。公之所作，无论书画，往往拓后愈见饱湛精采，此不特关乎功力，亦为长寿福泽之征，无可疑。于曩时极思刊印拙诗集以自娱，乃纸贵工贵，惊人骇世，迄尚未能耳。温丹翁返粤以后，已多年不通讯，迩者海内耆硕多集沪上，皆相过从，亦是一乐。公前闻亦有来沪之说，不知究能成行否？寒家闲闲山庄已七年不归，时用思念，近曾作有《山庐好》小词五十余阕，见者以为可代写照。弟不能画而最爱公画，以为当世无第二人，亦不自知其何故所以，自获赐画，亦既拓之张之，而却
感悼黄宾虹画人,题跋,山水,1944,感悼黄宾虹画人; 淞南醉别图; 古画微,evt_04060,陆丹林《感悼黄宾虹画人》：“寒风砭骨，春雨霏霏，一个朋友远道来渝，谈及黄宾虹画师逝世。骤然听着这个恶耗，一代画人，遽然长辞宾朋，思今念往，不禁有点怆然。民二十六年的冬天，上海沦陷了，我在二十七年的二月上旬，离开歹土，到香港去，办理出版事业。当我动程的前几天，承他绘赠《淞南醉别图》画卷，并题有七律一首云：‘同醉淞南旧酒楼，引觞无计可消愁。不堪风雨东来急，白浪掀天送客舟。’诗情画意，很有寄托。‘不堪风雨东来急’，就是影射倭寇的侵略而说的。后来这一个画卷，也和其他文物在香港陷敌时，一同散失了。物之得失有数，是不可用理想去尺度的。现在带在身边的，只有他所作的一个观瀑图卷子，和扇册各一张而已。其他存在沪
宾虹论画,题跋,山水,1944,宾虹论画; 历代名画记; 卧游录; 八十自叙,evt_04062,兑之《宾虹论画》：“旧京人海中多有道之士，黄宾虹翁其一也。宾虹生新安山水之乡，承其乡先哲遗绪，一肩金石书画之传，一肩荷经学、小学之重，饶有先正典型，江南天民之秀，晚为宣南寓公之尊宿，不可谓非叔季之人瑞，今年已臻八十，而精神面目止如五六十人，天不绝吾文化，当能享期颐之寿也。七十以前本侨沪渎，江南人士往还不少，晚膺艺专之聘讲学，未几即遘世变，屯留旧京，惄然忧世。既不能奋飞，遂日走厂肆搜求名迹与异书，恳恳款款，终日埋首于几案间，不问外事，惟遇有与谈艺术者，辄津津不能自休。尝谓中华民族所以翘然于大地之上而其精神浩然长存者，惟其艺术之独特，故我辈他无所贡献，惟有勤勤于此，思有以发其秘奥，与世人共见。即不
怀旧楼校书图,作画,其他,1944,怀旧楼校书图,evt_04067,5月，为姚光作《怀旧楼校书图》。
画学臆谈,著述,其他,1944,画学臆谈,evt_04070,6月，撰《画学臆谈》，再论用笔用墨之法。
画法臆谈·总论,著述,其他,1944,画法臆谈·总论,evt_04074,7月14日，撰《画法臆谈·总论》，首次将传统诗文书法范畴中的“丑中有美”观点引伸到画学中。
画到无人爱处工——试谈内美理念下的笔墨与笔墨刷新下的内美,题跋,山水,1944,画到无人爱处工——试谈内美理念下的笔墨与笔墨刷新下的内美; 庄子·山木篇; 写作大纲; 作字示儿孙; 后山诗话,,
气韵,书法,山水,1944,气韵; 芥子园画谱,evt_04078,与傅雷书：“怒庵先生著席：昨奉扇页，谅荷詧收。顷诵手教，谦抑精审，佩极佩极。‘没笔痕而显笔脚’，分明是笔，融洽是墨。没笔痕是融洽，显笔脚是笔法分明。‘谓之书画者’，书法用笔，与画用笔相通，方是名大家。此二句，原是前人论画之成语，书家有笔法无墨法，谓之奴书，唐人写经，多经生所作，故不名贵。古人善书者必善画，以画之墨法通于书法。观宋元明人法书，如赵子昂、文征明，至于王铎、石涛，其字迹真伪至易辨。真者用浓墨，下笔时必含水，含水乃润乃活。王铎之书，石涛之画，初落笔似墨沈，甚至笔未下而墨已滴纸上。此谓兴会淋漓，才与工匠描摹不同，有天趣，竟是在此。而不知者，视为墨未调和，以为不工。非不能工，不屑工也。考试
江淮纪游图,作画,其他,1944,江淮纪游图,evt_04079,夏，为秦更年作《江淮纪游图》。
改良国画问题之检讨,题跋,其他,1944,改良国画问题之检讨; 灌娘突围; 风尘三侠; 洛阳血战; 衡阳杀敌,evt_04082,8月，《华北新报》举行题为《改良国画问题之检讨》笔谈，应邀者尚有艺专校长王石之、京华美院院长邱石冥、中国画学研究会会长周肇祥、师范大学工艺系国画教授胡佩衡。面对所谓“大东亚战争进入决战时期”，“日本画家先后组织报国团体”，“我国画家，迄未有如彼举动”，提出诸如“古时有《灌娘突围》、《风尘三侠》诸图传为名作，今人是否亦能以《洛阳血战》、《衡阳杀敌》为题而有所创作”等“问题”，撰文大气凛然地予以摈斥。
纸上座谈·改良国画问题之检讨,作画,山水,1944,纸上座谈·改良国画问题之检讨; 清明上河图; 灌娘突围; 风尘三侠; 洛阳血战,evt_04083,《纸上座谈·改良国画问题之检讨》：“（前略）一、国画是否可以改为合乎时代题材之艺术品？黄宾虹：‘自来豹祥羊，假借读《易》，驺虞麟趾，比兴言《诗》。《易》先以图，《诗》中有画。图画之作，文极至也。合乎时代命题，宜如赵武灵王胡服，吴宫中教美人战等目，务期臻于古雅。否则胸无书卷，意少涵蓄，则必不衫不履，搬东移西，一切恶态怪状之物阑入其间，便失中国原有画之宗旨，望之令人生厌，求如白话之通俗、电影之近情，尚不易得。曩见故宫南迁画卷，一庸史作《清明上河图》，所绘汴梁景物之盛，仕宦臣僚，农工商贾，城垣宫室，器用咸备，后赘新式洋枪队一班，蛇足岂不可笑！’（余略）二、古时有《灌娘突围》、《风尘三侠》诸图传为名作
风雨楼图,作画,其他,1944,风雨楼图,evt_04091,10月25日重九日，作《风雨楼图》横披寄赠邓实。
刘介一画展小言,著述,其他,1944,刘介一画展小言,evt_04094,11月3日，刘介一画展在中山公园揭幕，为撰《刘介一画展小言》，并出品附展。
忆宾虹,著述,其他,1944,忆宾虹,evt_04102,本年，老友许承尧惦念情殷，撰《忆宾虹》。
跋黄宾虹手迹画稿十二帧,作画,山水,1945,跋黄宾虹手迹画稿十二帧; 疑庵诗; 甲申除夕,evt_04114,按：许家华《跋黄宾虹手迹画稿十二帧》云：“此册画稿十二幅是黄宾虹大师1944年应先父许际唐公函求，自北京寄歙县赠给我们学画山水用的。”然该跋将其父信系于癸未年，显然自相矛盾。癸未（1943）黄宾虹八十岁，许承尧有贺诗，而此信云“多年未与公通问”，又云“近年喜一切如昔”，与系于癸未（1943）年的说法不相合。《疑庵诗》亦将题诗排于《甲申除夕》之前，所以，以许信写于1944年12月22日，黄画寄于1945年初，许于同年2月12日（甲申除夕）之前得画稿而题诗为妥。
杂记,著述,其他,1945,杂记; 传统与革新的集大成者黄宾虹,evt_04116,按：据《杂记》，但未署年，姑系于此。聘任代理律师证书底稿：“聘任人黄宾虹，年事益高，精力渐减，各部门古著（？），既忙殊甚，海内外属作笔、作复，尺盈累案，昼夜清理，犹苦时短。对于举凡室内外事故，间尤无暇顾及，兹因耑书延聘赫宠恩律师担任常年法律顾问，嗣后倘有故意以身试法，侵害本人生命财产、名誉自由、加工著述并其他一切法益，或冒名书画、伪制印鉴等等不法行为者之时，概由赫君代为依法诉追，而尽责保障之。”（查永玲《传统与革新的集大成者黄宾虹》）
拟古,篆刻,篆刻,1945,拟古,evt_04125,傅雷书：“宾虹老先生座右：顷奉手教，并大作三帧。连日梅雨倾盆三昼夜不止，而尊件递到时，居然毫无损害，可见天地间瑰宝，冥冥中自有神灵呵护也。《拟古》一作，柔和苍润，尤得元人神髓。另幅有长题论唐宋人染云烟者，笔飞墨舞，生气溢于纸外，想见吾公精神劲爽，元气淋漓，非特为敝友得获至宝庆贺，亦且为先生道履矍铄，寿登大考而私心窃喜。海上自前岁画会后，知公者益众，每转辗属求，晚辄以是否真好为标准，以定承诺，若冒名风雅、徒拥多金之辈，往往拒之，窃以为先生之艺之道，殊不值为此侪浪费也。敝处往来宾客，类有灼见，故朋侪浼求，不忍坚拒，惟屡屡干凟。深恐过劳清神，且所赐诸作皆传世之宝，深恨无以图报耳。海上月来米价飞腾，曾
财神图,作画,其他,1945,财神图,evt_04160,此际，作《财神图》以讽刺贪官污吏。
春山春水图,作画,其他,1946,春山春水图,evt_04171,4月4日丙戌三月初三日上巳，张伯驹招为禊集，作《春山春水图》横披。
读书楼图,作画,其他,1946,读书楼图,evt_04175,4月，鲍君白筑读书楼成，作《读书楼图》赠之。
海印盦图卷,作画,其他,1946,海印盦图卷,evt_04183,初夏，为黄居素作《海印盦图卷》。
萱花百合图,作画,其他,1946,萱花百合图,evt_04186,夏日，为孙会元宣和斋古玩铺开张作《萱花百合图》。
故都,著述,其他,1946,故都,evt_04193,7月，故都文物研究会拟出版《故都》旬刊，聘为襄理，并为之撰文。
诔辞,著述,其他,1946,诔辞,evt_04199,7月6日许承尧在歙县唐模村病逝，享年七十三岁，挥泪撰《诔辞》。
良友,作画,山水,1946,良友; 美术生活,evt_04211,陈中凡书：“宾虹道长左右：比奉损书及法绘山水，拜登之下，诵悉各节。执事年来搜集艺术佚集甚伙，一时无从流布，可不先编一艺术定期刊物，择要载入，他日再编为美术丛书？战前此类期刊如《良友》、《美术生活》等，更仆难详，现以印刷费用激增，多归停顿。目下新出之文艺月刊，内容芜杂，多属宣传图片，了无足观。闻贵高足傅雷先生在沪提倡艺术，不遗余力，可不函商，属其就近与出版商接洽，出一纯艺术期刊，借资倡导，或介凡与之通书，希以渠住址及别字示及为荷。尊制山水沈雄朴茂，一片浑沦元气，深得董、巨墨染之传，视挽近艺人专务松秀，致趋于薄弱者，迥然有别。以八十老翁具此气魄，信为寿考之征，欢喜赞叹，如何可说！邓只淳兄仍在川大主
略有瑕疵的黄宾虹,题跋,山水,1946,略有瑕疵的黄宾虹,evt_04226,施翀鹏《略有瑕疵的黄宾虹》：“宾虹先生是安徽人，今年已是八十一岁的老画家了！我在二十年前曾经见过他，那时他住在旧法租界贝勒路和萨坡赛路之间。人很谦和客气，毫无倚老卖老的习气，神州国光社出版的中国《美术丛书》是他主编的。他不但是画史烂熟，而精于赏鉴，上海一般的收藏家，往往请他品详古画，也有人说他做古画的买卖，甚至说他有赝鼎出现。这也许他偶有失眼，指假为真！宾虹先生在一般画家之中，书读的比较多，而且是南社的社员，所以同道都很推崇他。战前在上海卖画，教学，写写论画文章，战事发生到北平去，担任过伪国立美专的教授，很多的人替他可惜，似乎对于画家的品格，有些瑕疵。至于他的作品，擅长山水，过去在《申报》发表
挹翠阁图,作画,其他,1946,挹翠阁图,evt_04232,本年，为澳门吴鸣医生作《挹翠阁图》。
浙江通志,出版,其他,1947,浙江通志,evt_04251,余绍宋书：“宾虹先生仁丈侍右：十年大乱，丈犹游戏人间，得天独厚，岂胜欣羡。慎生转到大作金文六幅，浑朴渊懿，俨然三代风规，当代作者，无与伦比，衷心感谢，匪可言宣。宋现承修《浙江通志》，凡寓贤之著作，有关浙事者，亦须著录。丈寓浙较久，如大著中有涉浙事者，还希赐知为幸。拙诗在战前者俱已散失，最近门人辈钞录近十年所为诗付梓，兹已出版，谨以一部尘教，余不悉，手此鸣谢，敬颂颐安。余绍宋拜启。十二月廿二日”
武彝九曲图,作画,其他,1947,武彝九曲图,evt_04256,春，为苏干英作《武彝九曲图》。
山水类篇,题跋,山水,1947,山水类篇,evt_04291,林散之书：“宾虹夫子大人座右：敬维福体万吉为颂。去年冬日连得二谕并书画大小四五纸，跪读之下，其喜如从天外飞来，盖阔别十余年，杳杳无从得消息，一旦得睹手教，其快慰为何如！惟以事远出，迟迟至今未能拜复，罪甚罪甚。吾师近作瑰奇沉挚，能蕴酿宋人，无宋人嘉隆以后积习，明人惟王孟津可以比肩，余子不足与论也。晚年功力犹能精进若此，皖东诸名公对师作亦皆谓虽出新安而另具炉冶，乃为确论，跪服跪服。门人自远游后，于古人笔墨真实处，略有所窥。事变以来，真迹往往流露尘市，乃从今时士大夫家，沉酣饱览，谓非厚幸！惜道远不能一一与师印证之也。今秋双十节，政府举办全国美展，吾师能南下否？门人拟作一二件参加，并欲请师加题数语，以
类编,著述,山水,1947,类编,evt_04292,与林散之书：“散之吾兄有道：前诵手书，聆悉文郎艮侯拟考浙江艺专，曾已函致郑午昌、汪勗予诸国画教授，惟因校长一席，时有变动易人之说，未得复音，谅早筹及。大著《类编》一部，谨慎保存，已函陶载之君，托其携带转奉，勿念。参加美展杰作必多精品，航递虽速，展转中致耽时日。道路交通顺利，鄙人拟即南旋。文郎画笔浑厚华滋，足见家学渊源，加以遒炼，汰去圭角，艺林健将，当罕对垒。友人庞薰琴（琹）、傅怒庵两君，近日庐山避暑，与欧美著作家苏里文氏诸人罗致近时作者小品，宣扬海外，中西合一，归于六法正轨，亦大快事。东学西渐，画其矢，此中华民族之幸福。所赖为上者政教宣扬，识真内美，矫正专制时代朝臣院体之积习而光大之。台端心殷
胡朴安与王均卿,著述,其他,1947,胡朴安与王均卿; 南社诗话,,
字征,篆刻,篆刻,1947,字征,evt_04298,与陈景昭书：“景昭吾兄大鉴：叠奉手书，聆悉文从随叶公遐庵抵粤，昕夕叙晤，获益良多。遐公提倡文艺，主盟坛坫，忧时感事，俱切恫瘝，南北暌违，鲜通函候，然驰系之私，无或已也。黄般若君，精审鉴藏，古今名迹，无所不备，顾及拙笔，可谓河海不择细流，邓公尔，系渠至亲，近况谅多安好。鄙人酷嗜三代文字，于东周古籀，尤所留意，北居恒以此学遣日，故凡玺印泉币匋器兵器，兼收并蓄；近十年来，霜钞雪纂，积有数千余字，均为补辑诸人所未见，将以附臆说，续丁佛言、强开运氏诸作之后，所惜上虞罗氏《字征》书祇录朱文古印，于白文尚付阙如，仅有一卷，漏略已多。且今故都货物高涨，至六吉宣、连四纸等文化品俱为囤积家收尽，虽向南纸铺商购，竟
黄宾虹藏秦汉印拾遗·回忆（代序）,篆刻,山水,1947,黄宾虹藏秦汉印拾遗·回忆（代序）,evt_04315,于希宁《黄宾虹藏秦汉印拾遗·回忆（代序）》：“四十年代我在青岛教书时，中间有时到北平走走，借机向老一辈专家求教，得到于非暗、汪慎生、陈缘督、马晋先生们不少的指教。当然，每次我都要先到石驸马后宅看望宾虹老师，也有时带一点作业请教指点。宾虹居室简陋，迎门置以木框大书架，地上舖了一床苇席。他看书往往是从书架上取下，坐在席地上阅读，所以经常是许多书开函乱置，人入室内要慢慢插空落脚。有一次宾师拿着一本书竟斜躺在书函上入睡了，实在惊人。这一教育，一生难忘。1947年我在中山公园举办个人画展时，就是宾翁老师修函叫我向白石老翁谒拜请教而得以教诲的，特别是‘要老老实实做人’的道理和给予画展的支持，使我终生难忘。
文谱,著述,山水,1947,文谱; 文谱; 文征明事迹考; 文谱,evt_04323,段拭书：“夫子大人函丈：恭奉手谕，训示各节，□以书绅印拓，并领。并蒙允赐《文谱》序文，感激实深。关于物色鈢印，谨当留意。受业编订《文谱》，亦借以读书之意，非敢妄言著述，仰蒙奖励，至为皇恐，当努力编成，用副慈注。受业于文氏之高尚人品，夙所景仰，惟识见浅鄙，率尔执笔，难免舛误，俟脱稿后，即恭呈教诲，以免将来贻笑于识者。曩撰《文征明事迹考》一文（六七年前），曾在杂志发表，其时参考书不多，今覩之，遂觉简陋。今承明训，将文氏弟子（文五峰、陈白室可否列为弟子？）出蓝者编为一册，即当着手搜集材料，然不敢随意予以区别，谨将所知诸弟子另纸列呈，乞赐指示批注寄下，以为编辑标准，至为企祷。南京公私收藏，佳者绝少，无
秋江冷艳图,作画,其他,1947,秋江冷艳图,evt_04330,为许士骐作《秋江冷艳图》。
秋江冷艳,著述,其他,1947,秋江冷艳,evt_04331,许士骐书：“宾老尊右：暌违麈教数月，于兹比奉手翰，为亲道范，并承锡以大著《秋江冷艳》一帧，拜谢拜谢。钧驾何时莅临海上，便乞示知，俾可迎迓。敬颂道绥。晚许士骐拜上。十二月三十日。”
快晴阁图,作画,其他,1947,快晴阁图,evt_04335,本年，广东李研山属画《快晴阁图》。
杭堇浦画珠江景物册,题跋,其他,1947,杭堇浦画珠江景物册,evt_04338,跋《杭堇浦画珠江景物册》：“此杭堇浦游羊城所作画，诗跋言粤中风物，尝多纪实，与庸史徒事临摹不同，可宝也。海清先生属，宾虹题。”
春草藏玺,篆刻,篆刻,1948,春草藏玺; 铄铄斋三代古陶文字; 益斋印草,,
黄山追忆图,作画,山水,1948,黄山追忆图,evt_04373,初春，决意南下杭州任教，作《黄山追忆图》。
桂林纪游册,作画,其他,1948,桂林纪游册,evt_04382,初夏，为粤友陈子和作《桂林纪游册》。
尘甸晴初图,作画,其他,1948,尘甸晴初图,evt_04399,为傅雷作《尘甸晴初图》册。
送米图,作画,其他,1948,送米图,evt_04406,7月初，为汪聪作《送米图》卷。
送米图卷,作画,其他,1948,送米图卷,evt_04407,与汪聪书：“孝文世讲先生大鉴：叠诵手书，并荷惠款，恧感恧感。……承属为拙画《送米图卷》，竣工奉上，‘送米图’三字，待工书者作为引首最佳。日内敝处整（理）书籍一切，准备南返，二十日后可抵申，容晤谈是幸。……宾虹拜上。七月十日。”
山溪泛舟图,作画,其他,1948,山溪泛舟图,evt_04409,为门生吴咏香作《山溪泛舟图》，以“画当以华滋浑厚为宗”相鼓励。
竹北栘图卷,作画,其他,1948,竹北栘图卷,evt_04411,夏，将南下，作《竹北栘图卷》。
欢迎黄宾虹先生,题跋,花鸟,1948,欢迎黄宾虹先生,evt_04423,孙福熙《欢迎黄宾虹先生》：“黄宾虹先生（原注：见图）旅居北平十年，研究故都书画文物，收集历代艺术史迹，故学理更见精博，而新发现尤多，治艺者无不竭诚钦仰。今已整理收藏书画碑帖雕刻，装拥箱带南归，并已应杭市国立艺术专科学校之聘，以八十五岁高龄，尚能主张艺坛，实属大可庆幸之事。老人过沪，中国画会与团体，发起沪上文艺界欢迎会于南京路大观社，这集会很有诗文艺术意味，值得我们的纪念。大观社在大观市场之内，而清静幽雅，顿然忘却这是在上海闹市中心地点。大厅周围多花木，尤以绿竹点染，更觉潇洒出尘，厅中布置书画，皆名家作品，上书一联：‘我亦喜灌园种树，谁不来煮茗看花。’来此皆知名之士，老者如姚虞琴、商笙伯两位均八
国画之民学,题跋,其他,1948,国画之民学,evt_04428,8月15日，应邀在上海美术茶会上作题为《国画之民学》之演讲，呼吁书画同人“站起来，发扬我们民学的精神，向世界伸开臂膀，准备着和任何来者握手”。
虞山纪游图,作画,其他,1948,虞山纪游图,evt_04435,为余空我作《虞山纪游图》。
水仙梅花图,作画,花鸟,1948,水仙梅花图,evt_04437,为钱君匋作《水仙梅花图》横披。
桐乡市馆藏书画精品集,题跋,其他,1948,桐乡市馆藏书画精品集,evt_04440,钱君匋题：“与宾老别十七年矣，其间兵火惨烈，亘古未有，余应死者再幸皆得免。戊子夏，叔范招饮，同座有宾老，遂得重见。后数日，承贻是作，乃乞同座之能书者，如老铁、复翁辈题之，以志一时之盛也。戊子十二月望，钱君匋记于丛翠堂。”（《桐乡市馆藏书画精品集》）
故都二老,篆刻,篆刻,1948,故都二老; 日下旧闻,evt_04445,铢安《故都二老》：“故都近来有两位八十以上的老画家，齐白石、黄宾虹是也。濒老（白石字濒生，他的名字叫璜，取田于渭滨之意，于今果然年登耄耋，竟成预兆），他的住宅是他自己卖画钱积蓄起来购置的，他素有善于居积之名，据说房屋不止一处，所以晚景颇为不恶，祇因小心过严，房门箱匣，钥匙累累，佩带随身，好像减少了雅人风趣。其实他为人是极慷慨而重风义的，其雅在心而不在形式。宾老在北平祇住了十年，中经离乱，闭门不与外事，自得其乐，与濒老同，而精神之健似犹过之。濒老室中，从来不挂一张字画，座上也没有一样古玩，除作画外，没有一样嗜好。宾老则一间斗室，虽然小得不足回旋，而所读的书，从地上一直堆到顶蓬，顶蓬已经坍了下来，
山水图,作画,山水,1948,山水图,evt_04449,此际，为吴康作《山水图》。
宾虹老人在西湖,著述,山水,1948,宾虹老人在西湖; 六国文字学; 画学蜕变说,evt_04457,《宾虹老人在西湖》：“在一个天高气爽、蟹肥稻熟的秋日清晨，记者很欣幸地会见了我国画坛名宿、新安派的领袖人物黄宾虹先生（原注：见图）就在临近岳坟西端，山麓边的一所轩敞幽静的小客厅里，记者和宾虹老人热烈地握着手，然后在椅子上坐下来，虽然我们还是平生首次见面，但宾虹老人留给我的印象竟是那么深刻，一种飘然俊逸的神情，至少使我有着莫名的清新之感，而且宾虹老人耄耋高年，更使人肃然起敬。当记者进门时，宾虹老人正在濡笔作画，画面上是一幅深邃而雄奇的山水，在雄奇之中，还隐含着一种清丽拔俗的气息。记者观赏了这幅名画，恍如置身于画图中，有超然出尘之想，诚如许士骐先生所说：‘宾虹老人诗文书画，均可称一代独步，其书画均
艺专国画科同人欢宴黄宾虹教授,题跋,其他,1948,艺专国画科同人欢宴黄宾虹教授,evt_04462,模《艺专国画科同人欢宴黄宾虹教授》：“国立艺专本学期新聘八十五龄老翁黄宾虹先生为国画科教授，已于上周到校授课，国画科科主任吴茀之教授发起，定十月六日午刻在杏花村公宴黄教授及其夫人，该科教授潘天寿、诸乐三、潘韵、虞开锡、岑学恭及吴存模、张嘉言、田恒任诸先生参加，雕塑课程曼叔教授闻讯亦前往参加，济济一堂，颇极宾主之乐，诸教授除对黄教授表示敬意外，关于国画今后应取之途径问题颇多揭发；至午后三时，宾主尽欢而散（谈话内容多精采，俟下期另行发表）。”（10月10日《民报·艺风》）
湖山图,作画,其他,1948,湖山图; 湖上杂咏,evt_04464,秋，为舒国华作《湖山图》，并书赠《湖上杂咏》。
画史编年,出版,其他,1948,画史编年,evt_04475,按：谱主接办神州国光社美术部时，计划甚多且多具前瞻性。谱主手稿中有一巨册《画史编年》，上溯亘古，下迄1929年，1938年冬日补序，部分与序刊于1939年《古学丛刊》第1期。笔者整理竣事，以篇幅过长且已有同类书籍问世，未收入《黄宾虹文集》。
勾山雅集,题跋,书法,1948,勾山雅集,evt_04479,项士元《勾山雅集》：“十月十五日午刻，浙江省通志馆余越园、凌励深、孙孟晋、陈季侃、项士元、吴思进、王伯尹等，假座膺白路勾山樵舍，䜩章一山、黄宾鸿（虹）、金息侯、章静轩诸老，座中除孙、王二君外，年龄均在六十以上。一山为清季翰林，博通经史，工草书，民国初期，曾任省通志馆纂修，今年八十有八；宾鸿（虹）工绘事，富收藏，年八十有五，现任国立艺专画学教授；息侯原为杭州八旗驻防，光绪间，曾应浙江乡试，博学能文，尝修奉天府志，今年七十有三；静轩毕业江南陆师、日本士官各校，入民国，转而潜心实业，南通张季直倚如左右手，今年亦七十有二。诸老多精神矍铄，能健谈善饭，惟一山太史稍患重听，微带咳嗽，此次来杭卜居，实缘津沽
杭州艺专教授总请假,题跋,其他,1948,杭州艺专教授总请假,evt_04493,《杭州艺专教授总请假》：“杭州国立艺专全体教授五十余人，因生活艰苦，于26日起全体总请假，尚未获得解决。据该校教授语记者，自‘八一九’薪金冻结后，该校教授生活即面临最艰难之境地，若干教授家中尝因无米为炊，以山果果腹度日，因该校经费困难，无力垫发薪金，而新标准乞未发下，校方曾再三去电向教育部请拨款济急，迄未见复，各教授于近两月来之生计，全赖校方向外借债勉强维持，每次每一教授所得者仅二三十元，实无法维持最低限度之生活。又该校教授因为日前政院公布公教人员薪给照例增加五倍实不合理，因日下任何物价之涨率已远超过五倍。现该校教授今向教育部要求：一、请转呈政院公教待遇务须以立法院通过之原案为准；二、教授研究
西湖文艺美术馆简章（筹备草）,题跋,山水,1948,西湖文艺美术馆简章（筹备草）; 美术展望,,
摩罗岛怀黄宾虹夫子,作画,其他,1948,摩罗岛怀黄宾虹夫子; 江南春树图,evt_04514,刘作筹寄示旧作《摩罗岛怀黄宾虹夫子》诗，作《江南春树图》赠之。
浙江四大家,著述,其他,1948,浙江四大家,evt_04522,自题：“浅濑平沙三两家，门前清影树交加。凌霜纵有丹黄叶，不是争妍□（原作夺一字）亦花。墨迻先生著述等身，尤嗜金石文字，属为拙笔，通籀古于六法，不卜大雅其许我否？属为下夺作画然三字。戊子，宾虹年八十有五。”（《浙江四大家》，西泠印社出版社2010年版）
文字系,篆刻,山水,1949,文字系; 群经字诂; 战国铜器考; 文征,evt_04538,与张海清书：“海清先生大鉴：暌隔数载，縻日不思。贲书远来，无任驰系。藉悉履綦迪吉，德业俱致，逖听之余，无任忭慰。仆自去夏南旋，拟返黄山，道途阻滞，留住西泠。行箧书籍器物，大半散失不全，如华学源《文字系》缺第二册，《群经字诂》缺第四十贰卷一本。此外近廿年出版金石书全部遗失（来南旧书更少，此虽不甚难得，以常用亦觉失之可恼）。《战国铜器考》等洋装、罗氏《文征》诸线装数十种均系厂肆一刘姓书估，乘隙私携并掺入同样无用之类书换出，大可叹惜。而惟铜器之有文字者，及西北古玺印已先随身由航空南来。现拟就所获未经前人著录之古文分类缮出，近一年之校正，尚未竣工。其古文多系战国（黄河流域）器物，未有见于拓本者约百余事
战国铜器考,题跋,山水,1949,战国铜器考; 文字系; 秦书集存,evt_04539,张海清书：“宾老夫子函丈：昨奉诲言并颁赐墨宝乙帧，及古印玺印痕五纸，拜读之下，不胜足之蹈之舞之矣。喜不自胜，当日多吃数个馒头，至夜间十二时后，仍不觉疲乏。观之再三，再四，再五，再六，愈看愈佳，爱不忍释，至次日即至琉璃庄已衬一好宣纸装潢矣，恐受污损，恭悬壁间，如对师保，恍至西泠矣。清以为人生最乐者，莫逾此也。惠赐印痕，真眼所未见，大偿眼福，并示言如此等者有百余事之多，不日掷下，使清终日向南翘企以望之，今后恳祈我师多赐画稿及古印件，并论画与诗文集等，虽不能亲聆教诲，若如此函教，于清亦大有裨益也，想夫子决不我却也。并恳夫子赐一横疋山水及小册页，完成清之‘百黄斋’之愿望，则不胜感激之至也。来示云遗失金
古籀篇,篆刻,篆刻,1949,古籀篇,evt_04540,与张海清书：“海清先生道席：展诵手书，惠贶精拓，感谢感谢。大玺系东周器（遇古文奇字印拓及匋泥兵器文字，以秦前为佳，两汉次之，官印须罕见）无疑，土锈无色泽，坛纽无阑。忆于辛亥前潍县郭闻庭君携至上海求估七百金，仆时任《神州日报》编辑，与之四百数不可得，还之而返。今检愙斋、申堂二印谱确然。然燕市曾见有文字细瘦似后翻砂物，以曾见前人著录未购留。向或释党，《古籀篇》释为刑，党邑圣趋等字殊未安，兹不录入。近年甘肃、绥远出土类此者颇多所见，北平鉴家咸以大河流域铜器款识不若江淮流域之精美，摈而不取，甚至与庸工翻砂者同观，此鉴者不可不审慎也。仆旅燕中，求赝作如胥伦辈，工艺诚佳，而古人朴茂流动之神，终不易至。古物
金华北山古诗选,题跋,其他,1949,金华北山古诗选,evt_04542,为舒国华辑《金华北山古诗选》作跋。
梅竹双清图,作画,其他,1949,梅竹双清图,evt_04544,春，舒国华约游灵峰观梅，归来作《梅竹双清图》赠之。
黄宾虹和他的东阳好友,题跋,山水,1949,黄宾虹和他的东阳好友; 金华北山古诗选; 蓬莱诗画集; 咏画录; 蓬莱诗画集,evt_04546,杜晓波《黄宾虹和他的东阳好友》：“舒国华是东阳市南马镇忠信堂村人，长于著文吟诗，尤通书艺。他礼贤下士，乐于施苦济难，更好与社会名流、文人学者结为金兰之交。四十年代，他曾在浙赣铁路局担任秘书长要职，与黄宾虹、丰子恺等画家在里西湖滨毗邻而居。其时，黄宾虹在杭州艺术专科学校任教，和舒、丰两位先生时常结伴出游，咏诗作画，相濡以沫。经济条件较为优越的舒国华，除了不断向黄宾虹提供书画创作经费，还曾把家乡的火腿赠给他。舒国华经过搜集整理，编著了《金华北山古诗选》，成书付梓时，八十六岁高龄的黄宾虹信笔为该书题跋，热情称誉……舒国华还将黄宾虹、丰子恺等名人赠与诗书画佳作结集编选为《蓬莱诗画集》一书刊行。这本画册
艺舟前记,题跋,山水,1949,艺舟前记; 艺舟; 艺舟,evt_04550,澹庐《艺舟前记》：“于春寒料峭中，去西湖栖霞岭下访黄宾虹先生。宾老寿已八十又六，真到了古稀大耄之年，按理早该颐养天和，善保福躬了，而他依然不废丹铅，未辍笔砚，依然伏于古纸堆中，整理残丛，发掘新义，矻矻终日，未尝以老以衰，‘脱离岗位’、‘退出阵线’。我因为看了这一点，受老人孜孜不懈的影响把几经熄灭了的编印本刊的这一颗心火，竟又渐渐地燃烧起来。宾老布衣布袜，头部虽瘦小，而双目犹炯炯有神，如使之策杖徐步，戴上一个枣红风兜，将疑似宋元山水画中的人物脱幅而出，其古朴可知矣。老人的书画固然不是书画家的那一路，但他对于中国美艺界的贡献，以及书画理论的阐发评介之功，世已早有定论，不必我们再来扰舌。我向他请教关
慈竹平安观图,作画,其他,1949,慈竹平安观图,evt_04557,约此际，陈光汉（雁迅）以母亲六十大寿，请绘《慈竹平安观图》。
玄亭修禊图,作画,其他,1949,玄亭修禊图,evt_04565,己丑二月为马一浮生日，众弟子聚会师寓“玄亭”雅集，王伯尹请绘《玄亭修禊图》纪之。
红梅青竹图,作画,花鸟,1949,红梅青竹图,evt_04592,秋，金祖同、郭若愚自沪赴杭造访，观绥远古玺，边谈边拓，满载而归。旋作《红梅青竹图》赠郭若愚。
黄宾虹〈红梅青竹图〉,著述,花鸟,1949,黄宾虹〈红梅青竹图〉; 落英缤纷——师友忆念录,evt_04593,郭若愚《黄宾虹〈红梅青竹图〉》：“1949年秋季，我同金祖同先生（郭沫若先生师门同学），同赴杭州西湖栖霞岭十九号拜访宾虹老人，老人热情接待。我们索观绥远古玺，老人全部搬出，我们边谈边拓，满载而归。同时我们将沪上收得之古玺印拓奉献老人，并将‘厉王之玺’大铜印留老人处研究。”（郭若愚著《落英缤纷——师友忆念录》，上海书画出版社2003年7月版。）
缘起,著述,其他,1949,缘起,evt_04603,朱屺瞻等书：“宾虹先生有道：久违教益，殊深企仰，敬维道履康绥为颂。敬启者：晚等今拟组织中华新美术教育社，为群众艺术服务，寄上《缘起》草稿一份，敬请列名发起，如有尊见，尚祈指导为幸。专此，敬请道安。晚朱屺瞻、钱铸九、陈士文同顿首。十月廿六日。”
月轮楼校词图,作画,其他,1949,月轮楼校词图,evt_04608,冬，为夏承焘作《月轮楼校词图》。
念奴娇,作画,山水,1949,念奴娇; 白石词谱; 月轮楼校词图; 念奴娇,evt_04609,夏承焘《念奴娇》：“杭州秦望山之江黉舍，称世界大学第二胜区，予寓楼（乃东楼观）左临月轮山，帆影塔灯，照映几席，光景尤奇。予自庚午迄丁丑居此七寒暑，写定《白石词谱》各稿。乱后重来湖上，宾虹先生赐绘《月轮楼校词图》，追忆前躅，赋《念奴娇》，时己丑冬日，上距庚午初来二十年矣。野云飞了，唤何人，共听鹤声一一。片练江光星斗满，应有吟魂重谪。晞发台前，钓丝风里，落落千秋客。高楼遥夜，问谁能画秋色？此处地下英游，前周后薛，入梦曾相识（定山周清真墓、五云山薛梯飙寓，皆在邻近。梯飙，南宋词流，予乡人也）。欲挈湖山鸾背上，一和诸公横笛。乱角先惊，清钟易断，抚劫今何夕？古人如见，一轮初涌秋汐。里词写似宾虹先生诲正。
谭经草堂初稿,篆刻,篆刻,1949,谭经草堂初稿,evt_04615,按：严西凤（1922-1991），名沄，号小厂。嘉善西塘人。能诗词，工篆刻。著有《谭经草堂初稿》。浙江省博物馆存其致谱主信。
补学轩图,作画,其他,1950,补学轩图; 悔补轩读书图,evt_04632,约是际，陈光汉乞画《补学轩图》、《悔补轩读书图》。
悔补轩读书图,作画,其他,1950,悔补轩读书图; 游白鹿洞诗,evt_04634,又柬：“敬求赠绘《悔补轩读书图》，赐呼‘雁迅’。查初白《游白鹿洞诗》有‘吾生苦失学，悔往思补来’之句，翁覃溪评此诗亦有从何补起之叹，志大之感，今昔所同。余生三十又七年矣，少加孤露，长无树立，往事之可悔者，何可胜数，岂徒失学哉！岁月渐增，积悔益多，而人事之纷扰，愁殆更甚焉，则思以补来者，又不知在于何日也。虽然，修名非可强致，壮悔乃亦徒劳，昌黎不云乎存于己者，吾将勉之，则惟有努力读书而已。敬求宾老先生赐绘一图，并乞诲示，悬之坐右，昕夕相对，借资警勉，庶励吾志云尔。晚学陈光汉敬叩。”
晓望图,作画,其他,1950,晓望图,evt_04646,6月，为龙榆生作《晓望图》。
剑池讲台大意,作画,花鸟,1950,剑池讲台大意; 巢经巢（集）,evt_04668,《夏承焘集·天风阁学词日记》同日条：“晴热。午后三时与屡平诣黄宾虹翁，承出商宝意云南风物画册、罗两峰夫妇花卉册及金俊明花卉册页见示。谓明清两代画梅，尤以俊明称独步（天启、崇祯间苏州人）。又出翁松禅《剑池讲台大意》一幅，云往时以银元一千五百枚抢购得之。予不了解其好处，宾老谓好画笔笔皆有起承转合，笔笔分明。又称刘贞晦先生画梅，刚直之气为其性情流露，允为永嘉画家第一。碧筠以诗请质宾老。谓学问有从内做出，与从外做入之别。此语有味。碧筠诗甚有情致，予劝其读《巢经巢（集）》。宾老席上遇蒋苏庵父女，出戴圣一小印相示，前月曾在蒋庄见之。……宾虹翁处取回彊村先生手札，承以金文题检。”
鸣沙石室古遗经,题跋,其他,1950,鸣沙石室古遗经,evt_04689,题敦煌《鸣沙石室古遗经》：“唐宝应二年五月一日，建康军营田利官果毅都尉侯彦珣写诸经要集卷第九，背附大亲彰疑会理教一卷，越一千一百八十七年，庚寅冬日，古歙黄宾虹题，时年八十又七。”（故宫博物院藏）
岁朝图,作画,其他,1951,岁朝图,evt_04709,初春，为老友秦曼青作《岁朝图》。
文姬归汉,作画,山水,1951,文姬归汉; 石渠寳笈,evt_04716,与张虹书：“谷雏先生道席：展诵手书并大作山水画，荷惠两次汇件照收，感荷。法绘杭州鉴家见之赞赏不置，所惜当今非常时期，兴趣不暇及此，未能展览与众传观，比即分寄出门。浙大教授瞿禅先生（姓夏，词学著述甚精）来寓，得画如珍璜璧，谅有新诗别行奉谢（云广州大学同人甚多），惟马蠲叟年老，精神不畅，余俟得件即行寄奉。拙画适北京友人代觅旧宣，闻来人云，北方古书籍字画、文具颜料宣纸近不易得，沪杭更少收藏，偶有所见，亦乏精品。前有湘友携来马和之《文姬归汉》卷，确是宋锦，设色与《石渠寳笈》所载俱同，而先后收藏印跋均割去，仅存一仇英印，为异品，其人物钩勒，全无院画习气，工整而神气超逸，有非明代名画所可及者。又见新出土玉
沙邨印谱,著述,篆刻,1951,沙邨印谱; 三十五举; 仰视千七百二十鹤斋,evt_04747,与沙孟海书：“大著拜读，感佩无似，率题数语，诚不足以仰赞高深。敝箧续得古印，未暇董理，考释不完。先此奉沙邨先生教正。宾虹拜上。己丑北游南旋，沙孟海先生顾余于栖霞岭舍，见有匋斋赠颜韵白纨扇所拓‘将渠’之玺，指‘’释‘燕’譌，钦服先生审识古籀文字，至为精确，向往久之。今读大著《沙邨印谱》，如吾丘子行《三十五举》、赵㧑叔《仰视千七百二十鹤斋》，虽繁简之不同，汇古今于一室，引人入胜，层出无穷，将倾敝箧，载酒问奇，不卜高明其许我否？辛卯宾虹时年八十又八。”
焦山志,篆刻,篆刻,1951,焦山志,evt_04766,与卞孝萱书：“孝萱先生大鉴：顷荷手教，承惠假高西唐诗（轶事甚罕。与焦五斗往还。焦注《焦山志》），此正我意中所觅而未御目者，感甚感甚。罗集亦愿假观。会场闭幕，当拟走领。张谱未见，吴为一代篆刻名贤，均是珍品。鄙意对于三代印谱尤切念。嗜古文字，将充前人所未见，而有以著录之。每日上下午六时在寓，先赐惠临尤感。祗颂台绥。宾虹拜上。十月廿八日。”
湖山爽气图,作画,其他,1951,湖山爽气图,evt_04772,冬，以在京所得古纸作《湖山爽气图》长卷。
临安山色图,作画,其他,1951,临安山色图,evt_04775,冬，为刘作筹作《临安山色图》卷。
访古图,作画,其他,1952,访古图,evt_04804,1月31日，路大荒乞绘《访古图》。
画古微,著述,其他,1952,画古微; 古画微; 画微,evt_04812,《夏承焘集·天风阁学词日记》2月10日条：“晴。元夕。过宾虹翁，看王孟端（芾）飞白画竹。宾老旧印《画古微》（按：应为《古画微》），被书坊删节甚多，近拟再撰《画微》。予怂恿其早日动笔，卑之毋高论，可广谕初学。翁开箧出旧稿多部见示，零缣断简，杂乱无次，他人断不能整理者。翁谓尚有四五箱，恐无精力理董矣。”
虹庐画谈·小记,著述,其他,1952,虹庐画谈·小记,evt_04826,朱砚英《虹庐画谈·小记》：“1952年的春天，我在杭州栖霞岭宾虹老师的寓中住了三星期，每天晚上老师谈画法时，我就笔录下来，写成了这篇文字。当时老师目疾甚剧，几乎失明，未蒙仔细地修改，这是一件憾事。因此我离杭时，就把这篇文稿留在老师处，希望老师目疾痊愈时加以修改，待老师九秩寿辰付印赠送同道，共事研究。可是老师后来目疾虽减轻，视力仍未完全恢复，每听到老师说：我年老了，不仅想保存祖国几千年来的国画遗产，还希望能够发扬这个优良的传统。老师已有很多著述概属供给专门钻研的，所以他要我记录这一篇一般文字以资大众研究，得以明了国画的基础。（下略）”
阳明居士书〈骢马归朝诗叙〉卷,题跋,其他,1952,阳明居士书〈骢马归朝诗叙〉卷,evt_04829,6月21日，商承祚来书请为其所藏《阳明居士书〈骢马归朝诗叙〉卷》题字。
骢马归朝诗叙,书法,其他,1952,骢马归朝诗叙,evt_04830,商承祚书：“宾丈道席：久未致候起居其所藏，至为遐念，暑期在迩，如环境许可，极欲一来游西子湖，并一聆教言也。祚近得阳明居士书《骢马归朝诗叙》卷，长五尺余，绵茧纸，作行楷，时居贵阳，年卅八岁，为贵阳巡按王济（汝楫）作，全集未载此文，先生遗墨传世不多，即见亦不过立幅及简牍，叙文未识长者寓目否？迩正拟一跋尾，写竣呈斧削，并求一题也。又椟盖恳书‘阳明先生（或居士）骢马归朝诗叙真迹’，款可书于侧，无碍也。兹附上椟面尺寸，如纸不合用，可易去，一切希酌裁。又如有兴，祈赐篆文小联，尤叩感，无厌之求，死罪死罪。敬颂福履。晚祚叩。六月廿一日。”
夔门秋色图,作画,其他,1952,夔门秋色图,evt_04839,秋，为李济深作《夔门秋色图》。
〈黄宾虹题跋选〉序,作画,其他,1952,〈黄宾虹题跋选〉序; 夔门秋色图,evt_04840,王伯敏《〈黄宾虹题跋选〉序》：“1952年秋，黄宾虹年八十九，时居杭州栖霞岭。一日，应国家副主席李济深之嘱，画《夔门秋色图》。图的上部空尺余，黄宾虹一边翻阅李副主席的信，一边思考，当时汪勗予在旁，见他要题长款，忙去另一处觅稿纸，想给老人起草用。及到汪将稿纸找到，老人已把近两百字的长款题好了，使在座的吴谿、孙慕唐等画家都因此敬佩不已。”
梅竹图,作画,花鸟,1952,梅竹图,evt_04848,12月9日教育家潘开沛(凯旆)来访，为作《梅竹图》，并书即景诗句赠之。
南岳山水图,作画,山水,1953,南岳山水图,evt_04925,冬，为毛泽东主席作《南岳山水图》。
写作大纲,作画,山水,1954,写作大纲; 万木草堂画目,evt_04943,《写作大纲》：“［编辑大意］远承先训，近证古物，准之实学，不袭陈言。类分十章，中列细目，芟繁就简，每章约数千字至万余字不等。（细目未完，文俟录稿，誊正续上）一、通论：画学变迁，时有升降，文以致治，宜先图画。甲、上古时期：蚩尤作兵，战于涿野，黄帝首出，因有史皇，创造图画。乙、中古时期：虞廷作绘，契为司徒，凤皇来仪，用板有苗。丙；近古时期：萧何收秦图籍，而汉以兴，阎立本驰誉丹青，而唐以盛。明有元季四家，清有画中九友，道咸之间，金石学盛，画亦中兴。二、原始：结绳用圆，画卦用方，方圆零畸，象形图画。甲、画理：《易》曰立天之道曰阴与阳，立地之道曰柔与刚，立人之道曰仁与义，圆颅方趾，万物之性，人为最灵，古
中华人民共和国宪法,著述,其他,1954,中华人民共和国宪法; 读宪法中领会有关画学之感言,evt_04967,6月15日，《中华人民共和国宪法》颁布，自撰《读宪法中领会有关画学之感言》。
李可染研究,作画,山水,1954,李可染研究,evt_04981,孙美兰《李可染研究》：“可染先生终生难忘1954年之夏，在杭州和黄师相处的日子。那时先生已是九十高龄，患白内障眼疾，严重到了伸手不辨五指、双目近乎失明的程度。他还是手不停笔坚持作画。有一个晚上，可染见黄师一口气钩了七八张山水画稿。宾虹先生为了实现他在艺术上的思想，一生坚持磨练，百折不挠，使可染异常敬服，以至有所自谴：‘前辈老师用功之勤苦，实非我等后辈可及。’1954年，可染先生的第一次南下写生，同赴杭州的还有画家张仃、罗铭。张仃先生曾回忆，当时黄宾虹山水画在可染心目中占有重要地位，对可染写生产生直接深远的影响：就在那年夏天，可染、张仃两位画家曾一起在西湖画山头，山上有个店面，刚好挂着黄先生一幅
苍松图,作画,其他,1954,苍松图,evt_04990,9月，偕宋若婴赴上海参加“黄宾虹先生作品观摩会”，下榻锦江饭店。此际恰逢宪法颁布，绘《苍松图》以贺。
论画长札,著述,其他,1954,论画长札,evt_05004,秋，应弟子顾飞之请，撰《论画长札》寄赠，有云：“上古三代，魏晋六朝，画尚内美，有法而不言法，在观者自悟。”
回忆黄宾虹,题跋,山水,1955,回忆黄宾虹,evt_05055,张文俊《回忆黄宾虹》：“1955年1月间，我曾去杭州西湖栖霞岭十九号（按：应为三十二号）看望黄宾虹老人。那时我三十七岁，黄老已年高九十二岁，仍热情接待，与我作了长谈，还约我第二天再去，又约我第三天再去。老人的画桌不大，好像一个书桌。老人的卧室在另一间不大的房子里，设一张单人床，周围都是他的画，折叠整齐，把床围在当中，真是名符其实的卧游山水之中。画桌上，水盂很小，当时我想老人用什么洗笔呢？老人说水盂的水是沾着画画的。真是惜水如金。看不到室内有什么珍贵的摆设，想起老人的名字叫黄质，又叫朴存，真是名实相符。黄老的为人、生活质朴无华，老人的画也是如此。黄老取出几幅约四尺六开的册页，笔墨沉雄厚重。黄老说
帖考,著述,书法,1955,帖考,,
近现代金石书画家润例,著述,其他,1955,近现代金石书画家润例,evt_05084,这本年谱是编纂《黄宾虹文集》的副产品。前十年，在搜集谱主诗文过程中，发现了大量与谱主生平和著述相关的材料，这些材料强半为已经出版的谱主年谱所未载，因此便产生了编撰谱主评传的愿望。文集出版以后，编者在为《近现代金石书画家润例》一书搜集素材过程中，又获得不少新的材料。但计划中的评传并不像目前这个模样。大约二年前，王伯敏先生着手主编《黄宾虹全集》，承其错爱，委以诗文书信卷的编辑任务，不久又约为全集《年谱·图谱》卷撰写年谱，百辞未允，不得已，放下手头的工作，花了四个多月时间，利用既得材料，草成《黄宾虹年谱长编初稿》六十五万字。这是为该卷量身定制的，无论体例还是结构，都不同于计划中的评传。初稿打印出来不
中华名胜图说,作画,其他,1955,中华名胜图说; 刚德画集; 东涯老屋图; 徐州续诗征; 东涯老屋图,evt_05092,②就在付印前夕，还是有新材料出现。如1919年12月，黄宾虹为吴杏芬绘、吴衡之译《中华名胜图说》一书作序。如1932年3月为学生刘祥龙《刚德画集》（上海金城工艺社版）作序，云：“古之善言画事者，莫若庄、老。老子言道也进乎技。形上形下，初无二理。祥龙学兄，其细参之，于庄老而有得已。宾虹题。”又如1939年秋，应门生段拭请，为张伯英（勺圃，1871—1949）作《东涯老屋图》，题云：“曩观勺圃先生所选《徐州续诗征》二十二卷，具见铜山萧沛丰砀人文之美，林泉之盛，为之欣羡不置。兹写《东涯老屋图》，仿佛渊明栗里、摩诘辋川一角，即请教正。宾虹。”（张伯英1944年仲春题云：“己卯秋，内侄段拭无染请宾虹作此
